birthday,career_record,coachID,coach_name,head_shot,school_name,school_record,team_abbr
,,621,Stu Holt,http://www.gannett-cdn.com/media/None,Appalachian State,,APP
,,124,Phil Bennett,http://www.gannett-cdn.com/media/SMG/sports_headshots/ncaaf/coach/phil_bennett_s.jpg,Baylor,,BAY
,,1510,Josh Gattis,http://www.gannett-cdn.com/media/None,Penn State,,PSU
,,2379,Scott Stoker,http://www.gannett-cdn.com/media/None,Louisiana-Monroe,,ULM
,,2898,Mario Verduzco,http://www.gannett-cdn.com/media/None,UCF,,UCF
1949-08-16,,1253,Paul Pasqualoni,http://www.gannett-cdn.com/media/SMG/sports_headshots/ncaaf/coach/paul_pasqualoni_s.jpg,Boston College,,BC
,,2467,Herb Haygood,http://www.gannett-cdn.com/media/None,Eastern Michigan,,EMU
,,1343,Kennedy Polamalu,http://www.gannett-cdn.com/media/None,UCLA,,UCLA
,,325,Mike Canales,http://www.gannett-cdn.com/media/None,Utah State,,USU
,,2209,Sherrone Moore,http://www.gannett-cdn.com/media/None,Central Michigan,,CMU
,,1535,Tony Elliott,http://www.gannett-cdn.com/media/None,Clemson,,CLEM
,,2108,Jeff Lebby,http://www.gannett-cdn.com/media/None,Baylor,,BAY
,,727,Kevin Lempa,http://www.gannett-cdn.com/media/None,Hawaii,,HAW
,,1219,Ken Wilson,http://www.gannett-cdn.com/media/None,Washington State,,WSU
,,1315,Fred Tate,http://www.gannett-cdn.com/media/None,California,,CAL
,,264,Mike Bradeson,http://www.gannett-cdn.com/media/None,Nevada,,NEV
,,965,Bruce Read,http://www.gannett-cdn.com/media/None,Nebraska,,NEB
,,321,Erik Campbell,http://www.gannett-cdn.com/media/None,Connecticut,,UCON
,,2095,Jonathan Himebauch,http://www.gannett-cdn.com/media/None,Nevada,,NEV
,,2428,Nate Woody,http://www.gannett-cdn.com/media/None,Appalachian State,,APP
,,222,Harlon Barnett,http://www.gannett-cdn.com/media/None,Michigan State,,MSU
,,1195,Tyrone Wheatley,http://www.gannett-cdn.com/media/None,Michigan,,MICH
,,2370,Kelvin Sigler,http://www.gannett-cdn.com/media/None,South Alabama,,USA
,,835,Brian Mitchell,http://www.gannett-cdn.com/media/None,Virginia Tech,,VT
,,1023,John Schlarman,http://www.gannett-cdn.com/media/None,Kentucky,,UK
,,980,Kent Riddle,http://www.gannett-cdn.com/media/None,Boise State,,BSU
,,2162,Calvin Thibodeaux,http://www.gannett-cdn.com/media/None,Oklahoma,,OU
,,2389,Garett Tujague,http://www.gannett-cdn.com/media/None,Virginia,,UVA
,,1058,Tom Sims,http://www.gannett-cdn.com/media/None,Pittsburgh,,PITT
,,1403,Brian Stewart,http://www.gannett-cdn.com/media/None,Nebraska,,NEB
,,2653,Tray Scott,http://www.gannett-cdn.com/media/None,North Carolina,,UNC
,,988,Tracy Rocker,http://www.gannett-cdn.com/media/None,Georgia,,UGA
,,2811,Jeff Kastl,http://www.gannett-cdn.com/media/None,UTSA,,UTSA
,,346,Jim Chaney,http://www.gannett-cdn.com/media/SMG/sports_headshots/ncaaf/coach/jim_chaney_s.jpg,Georgia,,UGA
,,1401,D.J. Eliot,http://www.gannett-cdn.com/media/None,Kentucky,,UK
,,890,Danny O'Rourke,http://www.gannett-cdn.com/media/None,Navy,,NAVY
,,2391,Morgan Turner,http://www.gannett-cdn.com/media/None,Stanford,,STAN
,,284,Don Brown,http://www.gannett-cdn.com/media/SMG/sports_headshots/ncaaf/coach/don_brown_s.jpg,Michigan,,MICH
,,2479,Rob Harley,http://www.gannett-cdn.com/media/None,Pittsburgh,,PITT
,,2199,Matt House,http://www.gannett-cdn.com/media/None,Kentucky,,UK
,,2982,Theron Aych,http://www.gannett-cdn.com/media/None,UTEP,,UTEP
,,2066,Jeff Conway,http://www.gannett-cdn.com/media/None,Tulane,,TULN
,,33,Dennis Erickson,http://www.gannett-cdn.com/media/None,Utah,,UTAH
,,2822,Dan Lanning,http://www.gannett-cdn.com/media/None,Memphis,,MEM
,,2808,Mickey Joseph,http://www.gannett-cdn.com/media/None,Louisiana Tech,,LT
,,2853,Frank Okam,http://www.gannett-cdn.com/media/None,Rice,,RICE
,,301,Shane Burnham,http://www.gannett-cdn.com/media/None,Rutgers,,RUTG
,,701,Des Kitchings,http://www.gannett-cdn.com/media/None,North Carolina State,,NCST
,,2506,Corey Brown,http://www.gannett-cdn.com/media/None,Miami (OH),,MUO
,,2877,Ryan Silverfield,http://www.gannett-cdn.com/media/None,Memphis,,MEM
,,2930,Desmond Lindsey,http://www.gannett-cdn.com/media/None,Southern Miss,,USM
,,1525,George McDonald,http://www.gannett-cdn.com/media/None,North Carolina State,,NCST
,,1482,Walter Bell,http://www.gannett-cdn.com/media/None,Maryland,,MD
,,2985,Dylan Newman,http://www.gannett-cdn.com/media/None,Air Force,,AFA
,,1536,Gabe Franklin,http://www.gannett-cdn.com/media/None,Boise State,,BSU
,,1164,Frank Verducci,http://www.gannett-cdn.com/media/None,Connecticut,,UCON
,,1468,Jay Bateman,http://www.gannett-cdn.com/media/None,Army,,ARMY
,,2855,John Parrella,http://www.gannett-cdn.com/media/None,Nebraska,,NEB
,,1296,Dameyune Craig,http://www.gannett-cdn.com/media/None,LSU,,LSU
,,245,Tim Billings,http://www.gannett-cdn.com/media/None,Southern Miss,,USM
,,1398,Jared Allen,http://www.gannett-cdn.com/media/None,Florida Atlantic,,FAU
,,1235,Buddy Wyatt,http://www.gannett-cdn.com/media/None,Southern Methodist,,SMU
,,2984,Dennis Johnson,http://www.gannett-cdn.com/media/None,LSU,,LSU
,,935,Ed Pinkham,http://www.gannett-cdn.com/media/None,Western Michigan,,WMU
,,2356,Tavita Pritchard,http://www.gannett-cdn.com/media/None,Stanford,,STAN
,,2626,Drew Mehringer,http://www.gannett-cdn.com/media/None,Rutgers,,RUTG
,,656,Ivin Jasper,http://www.gannett-cdn.com/media/None,Navy,,NAVY
,,525,Tony Gibson,http://www.gannett-cdn.com/media/SMG/sports_headshots/ncaaf/coach/tony_gibson_s.jpg,West Virginia,,WVU
,,2052,Inoke Breckterfield,http://www.gannett-cdn.com/media/None,Wisconsin,,WIS
,,830,Del Miller,http://www.gannett-cdn.com/media/None,Kansas State,,KSU
,,2547,Eric Mele,http://www.gannett-cdn.com/media/None,Washington State,,WSU
,,2475,Corey Bell,http://www.gannett-cdn.com/media/None,Florida Atlantic,,FAU
,,377,Kerry Coombs,http://www.gannett-cdn.com/media/None,Ohio State,,OSU
,,2429,Dale Jones,http://www.gannett-cdn.com/media/None,Appalachian State,,APP
,,614,Marion Hobby,http://www.gannett-cdn.com/media/None,Clemson,,CLEM
,,2601,James Adams,http://www.gannett-cdn.com/media/None,Charlotte,,CHA
,,783,Jim Mastro,http://www.gannett-cdn.com/media/None,Washington State,,WSU
,,936,Sam Pittman,http://www.gannett-cdn.com/media/None,Georgia,,UGA
,,2869,Tyler Santucci,http://www.gannett-cdn.com/media/None,Texas State,,TXST
,,1030,Galen Scott,http://www.gannett-cdn.com/media/None,Virginia Tech,,VT
,,778,Demetrice Martin,http://www.gannett-cdn.com/media/None,UCLA,,UCLA
,,1148,Rick Trickett,http://www.gannett-cdn.com/media/None,Florida State,,FSU
,,2524,Zach Arnett,http://www.gannett-cdn.com/media/None,San Diego State,,SDSU
,,2608,Terry Fair,http://www.gannett-cdn.com/media/None,Colorado State,,CSU
,,2444,Sean Saturnio,http://www.gannett-cdn.com/media/None,Army,,ARMY
,,564,Mark Hagen,http://www.gannett-cdn.com/media/None,Indiana,,IU
,,2042,Ron Antoine,http://www.gannett-cdn.com/media/None,Texas State,,TXST
,,228,Scott Baumgartner,http://www.gannett-cdn.com/media/None,New Mexico,,UNM
,,1124,Bruce Tall,http://www.gannett-cdn.com/media/None,West Virginia,,WVU
,,2307,Adam Fuller,http://www.gannett-cdn.com/media/None,Marshall,,MRSH
,,1088,Joe Speed,http://www.gannett-cdn.com/media/None,Georgia Tech,,GT
,,2915,Zak Hill,http://www.gannett-cdn.com/media/None,Boise State,,BSU
,,703,Chris Klenakis,http://www.gannett-cdn.com/media/None,Louisville,,LOU
,,2136,Donte Pimpleton,http://www.gannett-cdn.com/media/None,South Florida,,USF
,,1114,Mike Summers,http://www.gannett-cdn.com/media/None,Florida,,FLA
,,1463,Justin Frye,http://www.gannett-cdn.com/media/None,Boston College,,BC
,,2782,DeShaun Foster,http://www.gannett-cdn.com/media/None,Texas Tech,,TTU
,,1151,Ilaisa Tuiaki,http://www.gannett-cdn.com/media/None,Brigham Young,,BYU
,,2840,Manny Michel,http://www.gannett-cdn.com/media/None,Louisiana-Monroe,,ULM
,,1279,Terrence Samuel,http://www.gannett-cdn.com/media/None,Michigan State,,MSU
,,827,Ben Miller,http://www.gannett-cdn.com/media/None,Air Force,,AFA
,,1564,Mark Spencer,http://www.gannett-cdn.com/media/None,Kent State,,KENT
,,865,Johnny Nansen,http://www.gannett-cdn.com/media/None,USC,,USC
,,1004,Chris Rumph,http://www.gannett-cdn.com/media/None,Florida,,FLA
,,296,Kermit Buggs,http://www.gannett-cdn.com/media/None,Old Dominion,,ODU
,,2332,Telly Lockette,http://www.gannett-cdn.com/media/None,Oregon State,,ORST
,,1437,Archie McDaniel,http://www.gannett-cdn.com/media/None,Southern Methodist,,SMU
,,272,Jim Bridge,http://www.gannett-cdn.com/media/None,Duke,,DUKE
,,2188,Brian Ferentz,http://www.gannett-cdn.com/media/None,Iowa,,IOWA
,,2780,Joe Jon Finley,http://www.gannett-cdn.com/media/None,Missouri,,MIZZ
,,96,Randy Shannon,http://www.gannett-cdn.com/media/None,Florida,,FLA
,,234,Tim Beck,http://www.gannett-cdn.com/media/SMG/sports_headshots/ncaaf/coach/tim_beck_s.jpg,Ohio State,,OSU
,,397,Chris Culton,http://www.gannett-cdn.com/media/None,Navy,,NAVY
,,2947,Aaron Henry,http://www.gannett-cdn.com/media/None,Rutgers,,RUTG
,,2402,Zach Yenser,http://www.gannett-cdn.com/media/None,Kansas,,KU
,,2759,Seth Doege,http://www.gannett-cdn.com/media/None,Bowling Green,,BGSU
,,1388,Trent Bray,http://www.gannett-cdn.com/media/None,Nebraska,,NEB
,,2856,Tony Pecoraro,http://www.gannett-cdn.com/media/None,Southern Miss,,USM
,,205,Zach Azzanni,http://www.gannett-cdn.com/media/None,Tennessee,,TENN
,,2658,Arick Forest,http://www.gannett-cdn.com/media/None,Old Dominion,,ODU
,,2167,Tim Tibesar,http://www.gannett-cdn.com/media/None,Wisconsin,,WIS
,,10,Tim Brewster,http://www.gannett-cdn.com/media/None,Florida State,,FSU
,,2581,Justin Ena,http://www.gannett-cdn.com/media/None,Utah,,UTAH
,,1176,Ed Warinner,http://www.gannett-cdn.com/media/None,Ohio State,,OSU
,,2388,Anthony Tucker,http://www.gannett-cdn.com/media/None,Maryland,,MD
,,1549,Chris Kiffin,http://www.gannett-cdn.com/media/None,Ole Miss,,MISS
,,796,Randall McCray,http://www.gannett-cdn.com/media/None,Texas State,,TXST
,,2919,Ed Lamb,http://www.gannett-cdn.com/media/None,Brigham Young,,BYU
,,273,Kendal Briles,http://www.gannett-cdn.com/media/None,Baylor,,BAY
,,719,Mo Latimore,http://www.gannett-cdn.com/media/None,Kansas State,,KSU
1970-04-16,,1252,Pete Lembo,http://www.gannett-cdn.com/media/SMG/sports_headshots/ncaaf/coach/pete_lembo_s.jpg,Maryland,,MD
,,669,Larry Johnson,http://www.gannett-cdn.com/media/None,Ohio State,,OSU
,,2134,Tommy Perry,http://www.gannett-cdn.com/media/None,North Texas,,UNT
,,2342,Chris Naeole,http://www.gannett-cdn.com/media/None,Hawaii,,HAW
,,2721,Ephraim Banda,http://www.gannett-cdn.com/media/None,Miami (FL),,MIA
,,243,David Bibee,http://www.gannett-cdn.com/media/None,Middle Tennessee,,MTSU
,,879,Tyrone Nix,http://www.gannett-cdn.com/media/None,Middle Tennessee,,MTSU
,,2555,Lance Taylor,http://www.gannett-cdn.com/media/None,Stanford,,STAN
,,1186,Tucker Waugh,http://www.gannett-cdn.com/media/None,Army,,ARMY
,,1191,Luke Wells,http://www.gannett-cdn.com/media/None,Utah State,,USU
,,463,Ross Els,http://www.gannett-cdn.com/media/None,Purdue,,PUR
,,1458,Matt Simon,http://www.gannett-cdn.com/media/None,Buffalo,,BUFF
,,2358,Tim Rattay,http://www.gannett-cdn.com/media/None,Louisiana Tech,,LT
,,1377,Raymond Woodie,http://www.gannett-cdn.com/media/None,South Florida,,USF
,,1521,George DeLeone,http://www.gannett-cdn.com/media/None,Temple,,TEM
,,794,Kim McCloud,http://www.gannett-cdn.com/media/None,Syracuse,,SYR
,,2937,Dave Dunn,http://www.gannett-cdn.com/media/None,Marshall,,MRSH
,,707,Vic Koenning,http://www.gannett-cdn.com/media/None,Troy,,TROY
,,1051,Jackie Shipp,http://www.gannett-cdn.com/media/None,Missouri,,MIZZ
,,2367,Kort Shankweiler,http://www.gannett-cdn.com/media/None,Florida International,,FIU
,,568,Dan Hammerschmidt,http://www.gannett-cdn.com/media/None,Oklahoma State,,OKST
,,2680,Jermial Ashley,http://www.gannett-cdn.com/media/None,Tulsa,,TLSA
,,1344,Kasey Dunn,http://www.gannett-cdn.com/media/None,Oklahoma State,,OKST
,,285,Greg Brown,http://www.gannett-cdn.com/media/None,Missouri,,MIZZ
,,2681,Aaron Fletcher,http://www.gannett-cdn.com/media/None,Tulsa,,TLSA
,,263,Tim Bowens,http://www.gannett-cdn.com/media/None,South Alabama,,USA
,,1160,Ron Vanderlinden,http://www.gannett-cdn.com/media/None,Air Force,,AFA
,,2684,Calvin Lowry,http://www.gannett-cdn.com/media/None,Tulsa,,TLSA
,,1316,Sean Cronin,http://www.gannett-cdn.com/media/None,Marshall,,MRSH
,,2284,Zohn Burden,http://www.gannett-cdn.com/media/None,Virginia Tech,,VT
,,1073,DeAndre Smith,http://www.gannett-cdn.com/media/None,Purdue,,PUR
,,2478,Shannon Moore,http://www.gannett-cdn.com/media/None,East Carolina,,ECU
,,2867,Mike Rumph,http://www.gannett-cdn.com/media/None,Miami (FL),,MIA
,,242,Keith Bhonapha,http://www.gannett-cdn.com/media/None,Washington,,WASH
,,461,Steve Ellis,http://www.gannett-cdn.com/media/None,Middle Tennessee,,MTSU
,,2508,Bill Brechin,http://www.gannett-cdn.com/media/None,Miami (OH),,MUO
,,1449,John Garrison,http://www.gannett-cdn.com/media/None,UNLV,,UNLV
,,17,Neil Callaway,http://www.gannett-cdn.com/media/None,USC,,USC
,,2454,Sean Lewis,http://www.gannett-cdn.com/media/None,Syracuse,,SYR
,,1364,Clark Lea,http://www.gannett-cdn.com/media/None,Wake Forest,,WAKE
,,2673,Mike DeBord,http://www.gannett-cdn.com/media/None,Tennessee,,TENN
,,1505,Jim Michalczik,http://www.gannett-cdn.com/media/None,Arizona,,ARIZ
,,1428,Charles Clark,http://www.gannett-cdn.com/media/None,Colorado,,COLO
,,2278,Jason Brooks,http://www.gannett-cdn.com/media/None,Florida International,,FIU
,,2458,Kenny Perry,http://www.gannett-cdn.com/media/None,Kansas,,KU
,,1043,Steve Shankweiler,http://www.gannett-cdn.com/media/None,Florida International,,FIU
,,880,Cameron Norcross,http://www.gannett-cdn.com/media/None,Vanderbilt,,VAN
,,2124,Eric Morris,http://www.gannett-cdn.com/media/None,Texas Tech,,TTU
,,909,Kevin Patrick,http://www.gannett-cdn.com/media/None,Texas Tech,,TTU
,,2651,Andy Richman,http://www.gannett-cdn.com/media/None,New Mexico State,,NMSU
,,143,Jeff Genyk,http://www.gannett-cdn.com/media/None,Vanderbilt,,VAN
,,2366,Blake Seiler,http://www.gannett-cdn.com/media/None,Kansas State,,KSU
,,2383,Lamar Thomas,http://www.gannett-cdn.com/media/None,Kentucky,,UK
,,2381,Bill Teerlinck,http://www.gannett-cdn.com/media/None,Nevada,,NEV
,,2485,Chad Lunsford,http://www.gannett-cdn.com/media/None,Georgia Southern,,GASO
,,2486,Michael Mutz,http://www.gannett-cdn.com/media/None,Tulane,,TULN
,,2941,Brian Baker,http://www.gannett-cdn.com/media/None,Mississippi State,,MSST
,0-0,197,Major Applewhite,http://www.gannett-cdn.com/media/SMG/sports_headshots/ncaaf/coach/major_applewhite_s.jpg,Houston,0-0,HOU
,,1367,Jovon Bouknight,http://www.gannett-cdn.com/media/None,Utah State,,USU
,,1239,Marcel Yates,http://www.gannett-cdn.com/media/None,Arizona,,ARIZ
,,1351,Nick Toth,http://www.gannett-cdn.com/media/None,Fresno State,,FRES
,,916,Brent Pease,http://www.gannett-cdn.com/media/SMG/sports_headshots/ncaaf/coach/brent_pease_s.jpg,UTEP,,UTEP
,,1096,Steve Stanard,http://www.gannett-cdn.com/media/None,Wyoming,,WYO
,,662,Steve Johns,http://www.gannett-cdn.com/media/None,Navy,,NAVY
,,2645,Tim Harris Jr.,http://www.gannett-cdn.com/media/None,Florida International,,FIU
,,2787,Lanier Goethie,http://www.gannett-cdn.com/media/None,Louisiana Tech,,LT
,,2079,Eliah Drinkwitz,http://www.gannett-cdn.com/media/None,North Carolina State,,NCST
,,2586,Shawn Slocum,http://www.gannett-cdn.com/media/None,Arizona State,,AZST
,,2053,Michael Breske,http://www.gannett-cdn.com/media/None,Idaho,,IDAH
,,1538,Sean Reagan,http://www.gannett-cdn.com/media/None,Troy,,TROY
,,295,Carlton Buckels,http://www.gannett-cdn.com/media/None,Baylor,,BAY
,,2077,Kerry Dixon,http://www.gannett-cdn.com/media/None,Florida,,FLA
,,779,Tee Martin,http://www.gannett-cdn.com/media/None,USC,,USC
,,645,Ashley Ingram,http://www.gannett-cdn.com/media/None,Navy,,NAVY
,,571,Herb Hand,http://www.gannett-cdn.com/media/None,Auburn,,AUB
,,1568,Shannon Dawson,http://www.gannett-cdn.com/media/None,Southern Miss,,USM
,,2205,Jimmy Lake,http://www.gannett-cdn.com/media/None,Washington,,WASH
,,185,Robert Anae,http://www.gannett-cdn.com/media/None,Virginia,,UVA
,,211,Dave Baldwin,http://www.gannett-cdn.com/media/None,Oregon State,,ORST
,,172,Deke Adams,http://www.gannett-cdn.com/media/None,East Carolina,,ECU
,,322,Gary Campbell,http://www.gannett-cdn.com/media/None,Oregon,,ORE
,,137,Darrell Dickey,http://www.gannett-cdn.com/media/None,Memphis,,MEM
,,1326,Napoleon Sykes,http://www.gannett-cdn.com/media/None,Navy,,NAVY
,,1080,Melvin Smith,http://www.gannett-cdn.com/media/SMG/sports_headshots/ncaaf/coach/melvin_smith_s.jpg,Louisiana-Lafayette,,ULL
,,2863,Alan Ricard,http://www.gannett-cdn.com/media/None,Louisiana-Monroe,,ULM
,,2957,Cory Robinson,http://www.gannett-cdn.com/media/None,Toledo,,TOL
,,2160,Nicholas Tabacca,http://www.gannett-cdn.com/media/None,Wake Forest,,WAKE
,,726,Bill Legg,http://www.gannett-cdn.com/media/None,Marshall,,MRSH
,,2431,Scot Sloan,http://www.gannett-cdn.com/media/None,Appalachian State,,APP
,,897,Tom Osborne,http://www.gannett-cdn.com/media/None,Oregon,,ORE
,,2674,Jeff Traylor,http://www.gannett-cdn.com/media/None,Texas,,TEX
,,2906,Rob Zeitman,http://www.gannett-cdn.com/media/None,Kent State,,KENT
,,1041,Mike Sewak,http://www.gannett-cdn.com/media/None,Georgia Tech,,GT
,,1414,Tony Petersen,http://www.gannett-cdn.com/media/None,East Carolina,,ECU
,,1259,Jeremy Pruitt,http://www.gannett-cdn.com/media/SMG/sports_headshots/ncaaf/coach/jeremy_pruitt_s.jpg,Alabama,,ALA
,,943,Kenith Pope,http://www.gannett-cdn.com/media/None,Houston,,HOU
,,515,Rodney Garner,http://www.gannett-cdn.com/media/SMG/sports_headshots/ncaaf/coach/rodney_garner_s.jpg,Auburn,,AUB
,,2955,Emmett Jones,http://www.gannett-cdn.com/media/None,Texas Tech,,TTU
,,683,Chris Kapilovic,http://www.gannett-cdn.com/media/None,North Carolina,,UNC
,,2942,Robert Green,http://www.gannett-cdn.com/media/None,Navy,,NAVY
,,217,Jeff Banks,http://www.gannett-cdn.com/media/None,Texas A&M,,TAM
,,2865,Jon Richt,http://www.gannett-cdn.com/media/None,Miami (FL),,MIA
,,2509,Pat Welsh,http://www.gannett-cdn.com/media/None,Miami (OH),,MUO
,,1572,Tony Grantham,http://www.gannett-cdn.com/media/None,Louisville,,LOU
,,793,Bryan McClendon,http://www.gannett-cdn.com/media/None,South Carolina,,SCAR
,,1063,Tyler Siskey,http://www.gannett-cdn.com/media/None,South Alabama,,USA
,,2682,Joseph Gillespie,http://www.gannett-cdn.com/media/None,Tulsa,,TLSA
,,254,Jim Bollman,http://www.gannett-cdn.com/media/None,Michigan State,,MSU
,,685,Art Kaufman,http://www.gannett-cdn.com/media/None,California,,CAL
,,2791,Rich Gunnell,http://www.gannett-cdn.com/media/None,Boston College,,BC
,,892,Derrick Odum,http://www.gannett-cdn.com/media/None,Oregon State,,ORST
,,1446,Greg Mattison,http://www.gannett-cdn.com/media/SMG/sports_headshots/ncaaf/coach/greg_mattison_s.jpg,Michigan,,MICH
,,661,Kevin Johns,http://www.gannett-cdn.com/media/None,Indiana,,IU
,,887,Doug Nussmeier,http://www.gannett-cdn.com/media/SMG/sports_headshots/ncaaf/coach/doug_nussmeier_s.jpg,Florida,,FLA
,,2716,Vincent Amey,http://www.gannett-cdn.com/media/None,Arizona,,ARIZ
,,259,Robert Bostad,http://www.gannett-cdn.com/media/None,Northern Illinois,,NIU
,,2929,Jimmy Lindsey,http://www.gannett-cdn.com/media/None,Georgia Southern,,GASO
,,2309,Doc Gamble,http://www.gannett-cdn.com/media/None,Kent State,,KENT
,,2635,Karl Scott,http://www.gannett-cdn.com/media/None,Texas Tech,,TTU
,,428,Mike Dietzel,http://www.gannett-cdn.com/media/None,Central Michigan,,CMU
,,2777,Reno Ferri,http://www.gannett-cdn.com/media/None,Syracuse,,SYR
,,363,Steven Clinkscale,http://www.gannett-cdn.com/media/None,Kentucky,,UK
,,2549,JaMarcus Shephard,http://www.gannett-cdn.com/media/None,Washington State,,WSU
,,2453,Tom Kaufman,http://www.gannett-cdn.com/media/None,Syracuse,,SYR
,,2675,Aaron Moorehead,http://www.gannett-cdn.com/media/None,Texas A&M,,TAM
,,553,Bob Gregory,http://www.gannett-cdn.com/media/None,Washington,,WASH
1975-05-09,35-21,58,Lane Kiffin,http://www.gannett-cdn.com/media/SMG/sports_headshots/ncaaf/coach/lane_kiffin_s.jpg,Florida Atlantic,0-0,FAU
,,828,Bill Miller,http://www.gannett-cdn.com/media/None,Florida State,,FSU
,,237,Bill Bedenbaugh,http://www.gannett-cdn.com/media/None,Oklahoma,,OU
,0-0,368,Geoff Collins,http://www.gannett-cdn.com/media/SMG/sports_headshots/ncaaf/coach/geoff_collins_s.jpg,Temple,0-0,TEM
,,902,John Papuchis,http://www.gannett-cdn.com/media/None,North Carolina,,UNC
,,218,Tim Banks,http://www.gannett-cdn.com/media/None,Penn State,,PSU
,,2537,Matt Brock,http://www.gannett-cdn.com/media/None,Bowling Green,,BGSU
,,2769,Ulrick Edmonds,http://www.gannett-cdn.com/media/None,Charlotte,,CHA
,0-0,755,Matt Luke,http://www.gannett-cdn.com/media/SMG/sports_headshots/ncaaf/coach/matt_luke_s.jpg,Ole Miss,0-0,MISS
,,674,Derek Jones,http://www.gannett-cdn.com/media/None,Duke,,DUKE
,,555,Alex Grinch,http://www.gannett-cdn.com/media/None,Washington State,,WSU
,,1478,Alonzo Hampton,http://www.gannett-cdn.com/media/None,South Florida,,USF
,,2725,Derrius Bell,http://www.gannett-cdn.com/media/None,UTEP,,UTEP
,,445,David Duggan,http://www.gannett-cdn.com/media/None,Western Michigan,,WMU
,,573,Charlie Harbison,http://www.gannett-cdn.com/media/None,Louisiana-Lafayette,,ULL
,,2662,Adam Stenavich,http://www.gannett-cdn.com/media/None,San Jose State,,SJSU
,,2305,Scott Fountain,http://www.gannett-cdn.com/media/None,Auburn,,AUB
,,2577,Travis Fisher,http://www.gannett-cdn.com/media/None,UCF,,UCF
,,2815,Kevin Kilmer,http://www.gannett-cdn.com/media/None,Bowling Green,,BGSU
,,690,Bobby Kennedy,http://www.gannett-cdn.com/media/None,Iowa,,IOWA
,,1349,Harry Hiestand,http://www.gannett-cdn.com/media/None,Notre Dame,,ND
,,1083,Robb Smith,http://www.gannett-cdn.com/media/SMG/sports_headshots/ncaaf/coach/robb_smith_s.jpg,Arkansas,,ARK
,,942,Pat Poore,http://www.gannett-cdn.com/media/None,Minnesota,,MINN
,,2075,Jovan Dewitt,http://www.gannett-cdn.com/media/None,UCF,,UCF
,,2589,Cris Dishman,http://www.gannett-cdn.com/media/None,Baylor,,BAY
,,2827,Jordan Lesley,http://www.gannett-cdn.com/media/None,Troy,,TROY
,,563,Darian Hagan,http://www.gannett-cdn.com/media/None,Colorado,,COLO
,,1518,Marcus Freeman,http://www.gannett-cdn.com/media/None,Purdue,,PUR
,,1313,Steve Ensminger,http://www.gannett-cdn.com/media/None,LSU,,LSU
,,2505,John Hauser,http://www.gannett-cdn.com/media/None,Miami (OH),,MUO
,,2956,Eric Henderson,http://www.gannett-cdn.com/media/None,UTSA,,UTSA
,,1369,Jim Reid,http://www.gannett-cdn.com/media/None,Boston College,,BC
,,2368,Kevin Sherrer,http://www.gannett-cdn.com/media/None,Georgia,,UGA
,,1496,Reed Stringer,http://www.gannett-cdn.com/media/None,Louisiana-Lafayette,,ULL
,,832,Rick Minter,http://www.gannett-cdn.com/media/None,Georgia State,,GAST
,,2044,Andy Avalos,http://www.gannett-cdn.com/media/None,Boise State,,BSU
,,1309,Steve Farmer,http://www.gannett-cdn.com/media/None,Utah State,,USU
,,2041,Derrick Ansley,http://www.gannett-cdn.com/media/None,Alabama,,ALA
,,2494,Chris Barclay,http://www.gannett-cdn.com/media/None,Western Kentucky,,WKY
,,758,Tosh Lupoi,http://www.gannett-cdn.com/media/None,Alabama,,ALA
,,360,Shawn Clark,http://www.gannett-cdn.com/media/None,Appalachian State,,APP
,,688,Charles Kelly,http://www.gannett-cdn.com/media/SMG/sports_headshots/ncaaf/coach/charles_kelly_s.jpg,Florida State,,FSU
,,314,Bill Busch,http://www.gannett-cdn.com/media/None,Rutgers,,RUTG
,,1015,Scott Sallach,http://www.gannett-cdn.com/media/None,Mississippi State,,MSST
,,2347,Jordan Paopao,http://www.gannett-cdn.com/media/None,Washington,,WASH
,,2353,Mike Polly,http://www.gannett-cdn.com/media/None,Middle Tennessee,,MTSU
,,547,Mike Grant,http://www.gannett-cdn.com/media/None,Wyoming,,WYO
,,2185,Kevin Wolthausen,http://www.gannett-cdn.com/media/None,Connecticut,,UCON
,0-0,1548,Tom Allen,http://www.gannett-cdn.com/media/SMG/sports_headshots/ncaaf/coach/tom_allen_s.jpg,Indiana,0-0,IU
,,1140,Mark Tommerdahl,http://www.gannett-cdn.com/media/None,California,,CAL
,,1237,Don Yanowsky,http://www.gannett-cdn.com/media/None,UTEP,,UTEP
,,2900,Mike Viti,http://www.gannett-cdn.com/media/None,Army,,ARMY
,,1457,Ben Cahoon,http://www.gannett-cdn.com/media/None,Brigham Young,,BYU
,,2337,Kevin McKeethan,http://www.gannett-cdn.com/media/None,New Mexico State,,NMSU
,,946,Andre Powell,http://www.gannett-cdn.com/media/None,Pittsburgh,,PITT
,,750,Marty Long,http://www.gannett-cdn.com/media/None,Northwestern,,NW
,,546,Eddie Gran,http://www.gannett-cdn.com/media/None,Kentucky,,UK
,,1154,David Turner,http://www.gannett-cdn.com/media/None,Texas A&M,,TAM
,,2902,Fred Whittingham,http://www.gannett-cdn.com/media/None,Utah,,UTAH
,,833,Alex Mirabal,http://www.gannett-cdn.com/media/None,Marshall,,MRSH
,,1232,John Wozniak,http://www.gannett-cdn.com/media/None,Southern Miss,,USM
,,1554,Tim Edwards,http://www.gannett-cdn.com/media/None,Buffalo,,BUFF
,,1003,Warren Ruggiero,http://www.gannett-cdn.com/media/None,Wake Forest,,WAKE
,,1260,Lorenzo Costantini,http://www.gannett-cdn.com/media/None,Georgia Southern,,GASO
,,1206,Dale Williams,http://www.gannett-cdn.com/media/None,Western Kentucky,,WKY
,,410,Reggie Davis,http://www.gannett-cdn.com/media/None,Nebraska,,NEB
,,297,Andy Buh,http://www.gannett-cdn.com/media/None,Maryland,,MD
,,2629,Aric Williams,http://www.gannett-cdn.com/media/None,Idaho,,IDAH
,,2550,Brent Vigen,http://www.gannett-cdn.com/media/None,Wyoming,,WYO
,,1312,Ron Dugans,http://www.gannett-cdn.com/media/None,Miami (FL),,MIA
,,2153,Michael Slater,http://www.gannett-cdn.com/media/None,Kansas,,KU
,,664,Dave Johnson,http://www.gannett-cdn.com/media/None,Ohio,,OHIO
,,647,Scott Isphording,http://www.gannett-cdn.com/media/None,Ohio,,OHIO
,,2820,Matt Kubik,http://www.gannett-cdn.com/media/None,Louisiana-Monroe,,ULM
,,2770,Brett Ekkens,http://www.gannett-cdn.com/media/None,Akron,,AKR
,,382,Kevin Cosgrove,http://www.gannett-cdn.com/media/None,New Mexico,,UNM
,,2886,Legi Suiaunoa,http://www.gannett-cdn.com/media/None,Hawaii,,HAW
,,545,Jay Graham,http://www.gannett-cdn.com/media/None,Florida State,,FSU
,,1431,Todd Bradford,http://www.gannett-cdn.com/media/None,Kansas,,KU
,,2178,Derek Warehime,http://www.gannett-cdn.com/media/None,Houston,,HOU
,,2328,Jabbar Juluke,http://www.gannett-cdn.com/media/None,LSU,,LSU
,,2296,Bryan Cook,http://www.gannett-cdn.com/media/None,Georgia Tech,,GT
,,2687,Marc Mattioli,http://www.gannett-cdn.com/media/None,Vanderbilt,,VAN
,,860,Jorge Munoz,http://www.gannett-cdn.com/media/None,Louisiana-Lafayette,,ULL
,,788,Mick McCall,http://www.gannett-cdn.com/media/None,Northwestern,,NW
,,1177,Dave Warner,http://www.gannett-cdn.com/media/None,Michigan State,,MSU
,,2916,Benny Morrison,http://www.gannett-cdn.com/media/None,Bowling Green,,BGSU
,,481,Jedd Fisch,http://www.gannett-cdn.com/media/None,Michigan,,MICH
,,1380,Dave Cohen,http://www.gannett-cdn.com/media/None,Wake Forest,,WAKE
,,2276,Re'quan Boyette,http://www.gannett-cdn.com/media/None,Duke,,DUKE
,,2833,Chris Malone,http://www.gannett-cdn.com/media/None,Old Dominion,,ODU
,,198,Dave Aranda,http://www.gannett-cdn.com/media/SMG/sports_headshots/ncaaf/coach/dave_aranda_s.jpg,LSU,,LSU
,,2500,Spencer Whipple,http://www.gannett-cdn.com/media/None,Massachusetts,,UMAS
,,648,Cornell Jackson,http://www.gannett-cdn.com/media/None,UTEP,,UTEP
,,1147,Mike Tressel,http://www.gannett-cdn.com/media/None,Michigan State,,MSU
,,2817,Shaun King,http://www.gannett-cdn.com/media/None,South Florida,,USF
,,1289,Phil Snow,http://www.gannett-cdn.com/media/None,Temple,,TEM
,,2826,Jim Leonhard,http://www.gannett-cdn.com/media/None,Wisconsin,,WIS
,,469,Lester Erb,http://www.gannett-cdn.com/media/None,Nevada,,NEV
,,2092,Lee Hays,http://www.gannett-cdn.com/media/None,Texas Tech,,TTU
,,262,Clint Bowen,http://www.gannett-cdn.com/media/None,Kansas,,KU
,,920,Don Pellum,http://www.gannett-cdn.com/media/None,Oregon,,ORE
,,1282,Todd Stroud,http://www.gannett-cdn.com/media/None,Akron,,AKR
,,423,Tony Dews,http://www.gannett-cdn.com/media/None,Arizona,,ARIZ
,,1494,Marquase Lovings,http://www.gannett-cdn.com/media/None,Louisiana-Lafayette,,ULL
,,1081,Michael Smith,http://www.gannett-cdn.com/media/None,Arkansas,,ARK
,,452,Larry Edmondson,http://www.gannett-cdn.com/media/None,Rice,,RICE
,,2112,Maurice Linguist,http://www.gannett-cdn.com/media/None,Mississippi State,,MSST
,,710,Pete Kwiatkowski,http://www.gannett-cdn.com/media/None,Washington,,WASH
,,899,Joe Palcic,http://www.gannett-cdn.com/media/None,Miami (OH),,MUO
,,2730,Marquel Blackwell,http://www.gannett-cdn.com/media/None,Toledo,,TOL
,,550,Steve Greatwood,http://www.gannett-cdn.com/media/None,Oregon,,ORE
,,757,Curtis Luper,http://www.gannett-cdn.com/media/None,TCU,,TCU
,,1404,Chip Long,http://www.gannett-cdn.com/media/None,Memphis,,MEM
,,1188,Mark Weber,http://www.gannett-cdn.com/media/None,Fresno State,,FRES
,,2297,Kelton Copeland,http://www.gannett-cdn.com/media/None,Northern Illinois,,NIU
,,1202,Charley Wiles,http://www.gannett-cdn.com/media/None,Virginia Tech,,VT
,,603,Andy Hill,http://www.gannett-cdn.com/media/None,Missouri,,MIZZ
,,964,Corey Raymond,http://www.gannett-cdn.com/media/None,LSU,,LSU
,,1230,T.J. Woods,http://www.gannett-cdn.com/media/None,Oregon State,,ORST
,,820,Doug Meacham,http://www.gannett-cdn.com/media/None,TCU,,TCU
,,709,Craig Kuligowski,http://www.gannett-cdn.com/media/None,Miami (FL),,MIA
,,1173,Lorenzo Ward,http://www.gannett-cdn.com/media/SMG/sports_headshots/ncaaf/coach/lorenzo_ward_s.jpg,Fresno State,,FRES
,,847,Joe Moorhead,http://www.gannett-cdn.com/media/None,Penn State,,PSU
,,2579,Clay Davie,http://www.gannett-cdn.com/media/None,New Mexico,,UNM
,,959,Eli Rasheed,http://www.gannett-cdn.com/media/None,Iowa State,,ISU
,,232,Chris Beatty,http://www.gannett-cdn.com/media/None,Maryland,,MD
,,2656,Diron Reynolds,http://www.gannett-cdn.com/media/None,Stanford,,STAN
,0-0,1383,Mike Sanford Jr.,http://www.gannett-cdn.com/media/SMG/sports_headshots/ncaaf/coach/mike_sanford_s.jpg,Western Kentucky,0-0,WKY
,,1337,Brian Haines,http://www.gannett-cdn.com/media/None,Ohio,,OHIO
,,668,Jay Johnson,http://www.gannett-cdn.com/media/None,Minnesota,,MINN
,,506,Will Friend,http://www.gannett-cdn.com/media/None,Colorado State,,CSU
,,2068,Tim Cramsey,http://www.gannett-cdn.com/media/None,Nevada,,NEV
,,2507,Autry Denson,http://www.gannett-cdn.com/media/None,Notre Dame,,ND
,,293,Jimmy Brumbaugh,http://www.gannett-cdn.com/media/None,Kentucky,,UK
,,2372,John Simon,http://www.gannett-cdn.com/media/None,Arizona State,,AZST
,,2111,Brian Lindgren,http://www.gannett-cdn.com/media/None,Colorado,,COLO
,,2953,Parker Fleming,http://www.gannett-cdn.com/media/None,Texas State,,TXST
,,1133,Kenwick Thompson,http://www.gannett-cdn.com/media/None,East Carolina,,ECU
,,148,Jeff Jagodzinski,http://www.gannett-cdn.com/media/None,Georgia State,,GAST
,,294,Jamie Bryant,http://www.gannett-cdn.com/media/None,Colorado State,,CSU
,,2652,Oliver Soukup,http://www.gannett-cdn.com/media/None,New Mexico State,,NMSU
,,106,Mike Stoops,http://www.gannett-cdn.com/media/SMG/sports_headshots/ncaaf/coach/mike_stoops_s.jpg,Oklahoma,,OU
,,2343,Ben Needham,http://www.gannett-cdn.com/media/None,Kent State,,KENT
,,1005,Doug Ruse,http://www.gannett-cdn.com/media/None,Tulane,,TULN
,,1545,Danny Gonzales,http://www.gannett-cdn.com/media/None,San Diego State,,SDSU
,,2824,Ernie Lawson,http://www.gannett-cdn.com/media/None,San Diego State,,SDSU
,,425,Manny Diaz,http://www.gannett-cdn.com/media/SMG/sports_headshots/ncaaf/coach/manny_diaz_s.jpg,Miami (FL),,MIA
,,2654,Todd Lyght,http://www.gannett-cdn.com/media/None,Notre Dame,,ND
,,2553,Kenni Burns,http://www.gannett-cdn.com/media/None,Western Michigan,,WMU
,,1261,Noel Mazzone,http://www.gannett-cdn.com/media/SMG/sports_headshots/ncaaf/coach/noel_mazzone_s.jpg,Texas A&M,,TAM
,,1184,Justin Watts,http://www.gannett-cdn.com/media/None,Appalachian State,,APP
,,989,Aaron Roderick,http://www.gannett-cdn.com/media/None,Utah,,UTAH
,,519,Brian George,http://www.gannett-cdn.com/media/None,Toledo,,TOL
,,255,Scott Booker,http://www.gannett-cdn.com/media/None,Notre Dame,,ND
,,650,Derrick Jackson,http://www.gannett-cdn.com/media/None,Wake Forest,,WAKE
,,2518,Craig Harmon,http://www.gannett-cdn.com/media/None,Northern Illinois,,NIU
,,443,Tim Drevno,http://www.gannett-cdn.com/media/SMG/sports_headshots/ncaaf/coach/tim_drevno_s.jpg,Michigan,,MICH
,,558,Cale Gundy,http://www.gannett-cdn.com/media/None,Oklahoma,,OU
,,488,Ed Foley,http://www.gannett-cdn.com/media/None,Temple,,TEM
,,1082,Rick Smith,http://www.gannett-cdn.com/media/None,East Carolina,,ECU
,,1040,Joe Seumalo,http://www.gannett-cdn.com/media/None,Arizona State,,AZST
,,1441,Vincent Brown,http://www.gannett-cdn.com/media/None,Connecticut,,UCON
,,2797,Ryan Held,http://www.gannett-cdn.com/media/None,UCF,,UCF
,,1362,Jess Loepp,http://www.gannett-cdn.com/media/None,Southern Methodist,,SMU
,,2279,Eric Brown,http://www.gannett-cdn.com/media/None,Idaho,,IDAH
,,1048,Kevin Sherman,http://www.gannett-cdn.com/media/None,Pittsburgh,,PITT
,,2180,Dan Werner,http://www.gannett-cdn.com/media/None,Ole Miss,,MISS
,,2465,Todd Frakes,http://www.gannett-cdn.com/media/None,Eastern Michigan,,EMU
,,957,Ricky Rahne,http://www.gannett-cdn.com/media/None,Penn State,,PSU
,,2690,Mark Scott,http://www.gannett-cdn.com/media/None,West Virginia,,WVU
,,531,Robert Gillespie,http://www.gannett-cdn.com/media/None,Tennessee,,TENN
,,189,Brian Anderson,http://www.gannett-cdn.com/media/None,Minnesota,,MINN
,,2321,Jim Hofher,http://www.gannett-cdn.com/media/None,Iowa State,,ISU
,,380,Cedric Cormier,http://www.gannett-cdn.com/media/None,UNLV,,UNLV
,,238,Vance Bedford,http://www.gannett-cdn.com/media/SMG/sports_headshots/ncaaf/coach/vance_bedford_s.jpg,Texas,,TEX
,,2685,Scott White,http://www.gannett-cdn.com/media/None,UCLA,,UCLA
,,1352,Troy Walters,http://www.gannett-cdn.com/media/None,UCF,,UCF
,,2320,Renaldo Hill,http://www.gannett-cdn.com/media/None,Pittsburgh,,PITT
,,266,Tom Bradley,http://www.gannett-cdn.com/media/SMG/sports_headshots/ncaaf/coach/tom_bradley_s.jpg,UCLA,,UCLA
,,2177,Thad Ward,http://www.gannett-cdn.com/media/None,Illinois,,ILL
,,2400,Donte Williams,http://www.gannett-cdn.com/media/None,Arizona,,ARIZ
,,1049,James Shibest,http://www.gannett-cdn.com/media/None,Virginia Tech,,VT
,,810,Clarence McKinney,http://www.gannett-cdn.com/media/None,Texas A&M,,TAM
,,1098,Mark Staten,http://www.gannett-cdn.com/media/None,Michigan State,,MSU
,,2836,Adrian Mayes,http://www.gannett-cdn.com/media/None,Texas State,,TXST
,,2551,Scott Fuchs,http://www.gannett-cdn.com/media/None,Wyoming,,WYO
,,2796,Will Harris,http://www.gannett-cdn.com/media/None,San Jose State,,SJSU
,,455,Mike Ekeler,http://www.gannett-cdn.com/media/None,North Texas,,UNT
,,1001,Joe Rudolph,http://www.gannett-cdn.com/media/None,Wisconsin,,WIS
,,1358,Louis Ayeni,http://www.gannett-cdn.com/media/None,Iowa State,,ISU
,,2293,Greg Colby,http://www.gannett-cdn.com/media/None,Central Michigan,,CMU
,,1491,Mike Bloomgren,http://www.gannett-cdn.com/media/None,Stanford,,STAN
,,611,Darin Hinshaw,http://www.gannett-cdn.com/media/None,Kentucky,,UK
,,1035,Stacy Searels,http://www.gannett-cdn.com/media/None,Miami (FL),,MIA
,,2692,Mickey Turner,http://www.gannett-cdn.com/media/None,Wisconsin,,WIS
,,1006,Steve Russ,http://www.gannett-cdn.com/media/None,Air Force,,AFA
,,1547,Jake Spavital,http://www.gannett-cdn.com/media/None,California,,CAL
,,1406,J.B. Grimes,http://www.gannett-cdn.com/media/None,Cincinnati,,CIN
,,2439,Brent Davis,http://www.gannett-cdn.com/media/None,Army,,ARMY
,,2201,David Johnson,http://www.gannett-cdn.com/media/None,Memphis,,MEM
,,2172,Bryant Vincent,http://www.gannett-cdn.com/media/None,South Alabama,,USA
,,725,Spencer Leftwich,http://www.gannett-cdn.com/media/None,UTEP,,UTEP
,,372,Jeff Commissiong,http://www.gannett-cdn.com/media/None,Old Dominion,,ODU
,,1238,Eric Yarber,http://www.gannett-cdn.com/media/None,UCLA,,UCLA
,,2498,Charles Walker,http://www.gannett-cdn.com/media/None,Massachusetts,,UMAS
,,2165,Chris Thomsen,http://www.gannett-cdn.com/media/None,Arizona State,,AZST
,,1269,Kelly Poppinga,http://www.gannett-cdn.com/media/None,Virginia,,UVA
,,2854,Andy Pardon,http://www.gannett-cdn.com/media/None,Bowling Green,,BGSU
,,1108,Steve Stripling,http://www.gannett-cdn.com/media/None,Tennessee,,TENN
,,2885,Craig Stutzmann,http://www.gannett-cdn.com/media/None,Hawaii,,HAW
,,2287,Cam Cameron,http://www.gannett-cdn.com/media/SMG/sports_headshots/ncaaf/coach/cam_cameron_s.jpg,LSU,,LSU
,,866,Billy Napier,http://www.gannett-cdn.com/media/None,Alabama,,ALA
,,1274,Clancy Pendergast,http://www.gannett-cdn.com/media/None,USC,,USC
,,1416,Brad Salem,http://www.gannett-cdn.com/media/None,Michigan State,,MSU
,,2552,AJ Cooper,http://www.gannett-cdn.com/media/None,Wyoming,,WYO
,,814,Charles McMillian,http://www.gannett-cdn.com/media/None,New Mexico,,UNM
,,2222,Ross Watson,http://www.gannett-cdn.com/media/None,Toledo,,TOL
,,1155,Jim Turner,http://www.gannett-cdn.com/media/None,Texas A&M,,TAM
,,655,John Jancek,http://www.gannett-cdn.com/media/None,South Florida,,USF
,,2762,Sean Duggan,http://www.gannett-cdn.com/media/None,Hawaii,,HAW
,,566,Brick Haley,http://www.gannett-cdn.com/media/None,Texas,,TEX
,,2689,Graham Harrell,http://www.gannett-cdn.com/media/None,North Texas,,UNT
,,2723,Pat Bastien,http://www.gannett-cdn.com/media/None,Georgia Southern,,GASO
,,309,Jeff Burrow,http://www.gannett-cdn.com/media/None,Kent State,,KENT
,,2496,Tom Masella,http://www.gannett-cdn.com/media/None,Massachusetts,,UMAS
,,2741,Tyron Carrier,http://www.gannett-cdn.com/media/None,West Virginia,,WVU
,,599,Keith Heyward,http://www.gannett-cdn.com/media/None,Louisville,,LOU
,,576,Maurice Harris,http://www.gannett-cdn.com/media/None,Ole Miss,,MISS
,,2813,Bell Kelvin,http://www.gannett-cdn.com/media/None,Iowa,,IOWA
,,2642,Mark Michaels,http://www.gannett-cdn.com/media/None,Massachusetts,,UMAS
,,2482,Alex Atkins,http://www.gannett-cdn.com/media/None,Tulane,,TULN
,,912,Keith Patterson,http://www.gannett-cdn.com/media/None,Arizona State,,AZST
,,991,Jason Rollins,http://www.gannett-cdn.com/media/None,UTSA,,UTSA
,,747,Scot Loeffler,http://www.gannett-cdn.com/media/None,Boston College,,BC
,,2530,Pete Golding,http://www.gannett-cdn.com/media/None,UTSA,,UTSA
,,2828,Bob Ligashesky,http://www.gannett-cdn.com/media/None,Illinois,,ILL
,,1061,Mike Siravo,http://www.gannett-cdn.com/media/None,Temple,,TEM
,,496,Bud Foster,http://www.gannett-cdn.com/media/SMG/sports_headshots/ncaaf/coach/bud_foster_s.jpg,Virginia Tech,,VT
,,2928,Glenn Schumann,http://www.gannett-cdn.com/media/None,Georgia,,UGA
,,460,Mike Elko,http://www.gannett-cdn.com/media/None,Wake Forest,,WAKE
,,1355,Robert Prunty,http://www.gannett-cdn.com/media/None,Cincinnati,,CIN
,,1499,Kevin Kane,http://www.gannett-cdn.com/media/None,Northern Illinois,,NIU
,,2781,Zarnell Fitch,http://www.gannett-cdn.com/media/None,TCU,,TCU
,,1228,Michael Woodford,http://www.gannett-cdn.com/media/None,Akron,,AKR
,,117,Tommy West,http://www.gannett-cdn.com/media/None,Middle Tennessee,,MTSU
,,918,Dale Pehrson,http://www.gannett-cdn.com/media/None,Navy,,NAVY
,,2270,Blake Baker,http://www.gannett-cdn.com/media/None,Louisiana Tech,,LT
,,609,Darren Hiller,http://www.gannett-cdn.com/media/None,South Florida,,USF
,,2909,ShaDon Brown,http://www.gannett-cdn.com/media/None,Army,,ARMY
,,510,Darrell Funk,http://www.gannett-cdn.com/media/None,Purdue,,PUR
,,2619,Larry Knight,http://www.gannett-cdn.com/media/None,Georgia State,,GAST
,,1569,Jon Heacock,http://www.gannett-cdn.com/media/None,Iowa State,,ISU
,,2317,Andrew Hayes-Stoker,http://www.gannett-cdn.com/media/None,Illinois,,ILL
,,2961,Brian Brohm,http://www.gannett-cdn.com/media/None,Western Kentucky,,WKY
,,2914,John Curtis,http://www.gannett-cdn.com/media/None,Ball State,,BALL
,,2280,Francis Brown,http://www.gannett-cdn.com/media/None,Temple,,TEM
,,2802,John Homolka,http://www.gannett-cdn.com/media/None,Northern Illinois,,NIU
,,2125,Brian Natkin,http://www.gannett-cdn.com/media/None,UTEP,,UTEP
,,2835,Chris Marve,http://www.gannett-cdn.com/media/None,Vanderbilt,,VAN
,,2129,Shaun Nua,http://www.gannett-cdn.com/media/None,Navy,,NAVY
,,771,Rick Mallory,http://www.gannett-cdn.com/media/None,Middle Tennessee,,MTSU
,,2578,Jay Harbaugh,http://www.gannett-cdn.com/media/None,Michigan,,MICH
,,307,Rusty Burns,http://www.gannett-cdn.com/media/None,TCU,,TCU
,,362,Randy Clements,http://www.gannett-cdn.com/media/None,Baylor,,BAY
,,2227,Buster Faulkner,http://www.gannett-cdn.com/media/None,Arkansas State,,ARST
,,2593,Brian Ward,http://www.gannett-cdn.com/media/None,Syracuse,,SYR
,,2864,Melvin Rice,http://www.gannett-cdn.com/media/None,Northern Illinois,,NIU
,,2927,Ryan Anderson,http://www.gannett-cdn.com/media/None,East Carolina,,ECU
,,2668,Dustin Fry,http://www.gannett-cdn.com/media/None,Southern Methodist,,SMU
,,2638,Nate Brown,http://www.gannett-cdn.com/media/None,North Texas,,UNT
,,2933,Mike Collins,http://www.gannett-cdn.com/media/None,Louisiana-Monroe,,ULM
,,734,Osia Lewis,http://www.gannett-cdn.com/media/None,Vanderbilt,,VAN
,,1209,Keith Williams,http://www.gannett-cdn.com/media/None,Nebraska,,NEB
,,632,Scott Huff,http://www.gannett-cdn.com/media/None,Boise State,,BSU
,,298,Chuck Bullough,http://www.gannett-cdn.com/media/None,Eastern Michigan,,EMU
,,813,Dave McMichael,http://www.gannett-cdn.com/media/None,Kent State,,KENT
,,1434,Tommy Mainord,http://www.gannett-cdn.com/media/None,North Texas,,UNT
,,408,Greg Davis,http://www.gannett-cdn.com/media/None,Iowa,,IOWA
,,615,Larry Hoefer,http://www.gannett-cdn.com/media/None,Rice,,RICE
,,1356,Sonny Cumbie,http://www.gannett-cdn.com/media/None,TCU,,TCU
,,660,Clay Jennings,http://www.gannett-cdn.com/media/None,Texas,,TEX
,,2591,Lee Marks,http://www.gannett-cdn.com/media/None,Boise State,,BSU
,,305,Greg Burns,http://www.gannett-cdn.com/media/None,California,,CAL
,0-0,884,Jay Norvell,http://www.gannett-cdn.com/media/SMG/sports_headshots/ncaaf/coach/jay_norvell_s.jpg,Nevada,0-0,NEV
,,1552,Ryan Walters,http://www.gannett-cdn.com/media/None,Missouri,,MIZZ
,,1055,Al Simmons,http://www.gannett-cdn.com/media/None,New Mexico,,UNM
,,983,Joe Robinson,http://www.gannett-cdn.com/media/None,Texas Tech,,TTU
,,766,Don Mahoney,http://www.gannett-cdn.com/media/None,Tennessee,,TENN
,,1527,Mick Yokitis,http://www.gannett-cdn.com/media/None,Navy,,NAVY
,,638,John Hunter,http://www.gannett-cdn.com/media/None,Wake Forest,,WAKE
,,191,Jarrett Anderson,http://www.gannett-cdn.com/media/None,TCU,,TCU
,,739,Matt Limegrover,http://www.gannett-cdn.com/media/None,Penn State,,PSU
,,215,Mark Banker,http://www.gannett-cdn.com/media/None,Nebraska,,NEB
,,2522,Anthony Steward,http://www.gannett-cdn.com/media/None,Rice,,RICE
,,2360,Blake Rolan,http://www.gannett-cdn.com/media/None,Cincinnati,,CIN
,,1268,Nick Howell,http://www.gannett-cdn.com/media/None,Virginia,,UVA
,,2294,Andre Coleman,http://www.gannett-cdn.com/media/None,Kansas State,,KSU
,,1019,Jay Sawvel,http://www.gannett-cdn.com/media/None,Minnesota,,MINN
,,958,Paul Randolph,http://www.gannett-cdn.com/media/None,Memphis,,MEM
,,1091,Sean Spencer,http://www.gannett-cdn.com/media/None,Penn State,,PSU
,,1153,Joe Tumpkin,http://www.gannett-cdn.com/media/None,Colorado,,COLO
,,1135,Chris Thurmond,http://www.gannett-cdn.com/media/None,Rice,,RICE
,,2113,Joe Lorig,http://www.gannett-cdn.com/media/None,Memphis,,MEM
,,454,Stan Eggen,http://www.gannett-cdn.com/media/None,New Mexico,,UNM
,,805,Kevin McGiven,http://www.gannett-cdn.com/media/None,Oregon State,,ORST
,,1368,Mike Pelton,http://www.gannett-cdn.com/media/None,Georgia Tech,,GT
,,2556,Matthew Simon,http://www.gannett-cdn.com/media/None,Western Michigan,,WMU
,,2090,Bush Hamdan,http://www.gannett-cdn.com/media/None,Washington,,WASH
,,2432,Mark Ivey,http://www.gannett-cdn.com/media/None,Appalachian State,,APP
,,209,Kent Baer,http://www.gannett-cdn.com/media/None,UNLV,,UNLV
,,953,Terry Price,http://www.gannett-cdn.com/media/None,Texas A&M,,TAM
,,181,Tony Alford,http://www.gannett-cdn.com/media/None,Ohio State,,OSU
,,671,Reggie Johnson,http://www.gannett-cdn.com/media/None,Western Kentucky,,WKY
,,945,Larry Porter,http://www.gannett-cdn.com/media/None,North Carolina,,UNC
,,94,Greg Schiano,http://www.gannett-cdn.com/media/None,Ohio State,,OSU
,,379,Kevin Corless,http://www.gannett-cdn.com/media/None,Army,,ARMY
,,1032,Larry Scott,http://www.gannett-cdn.com/media/None,Tennessee,,TENN
,,1501,Jay Niemann,http://www.gannett-cdn.com/media/None,Rutgers,,RUTG
,,1453,Peter Sirmon,http://www.gannett-cdn.com/media/None,Mississippi State,,MSST
,,2922,Dean Hood,http://www.gannett-cdn.com/media/None,Charlotte,,CHA
,,2897,Kenechi Udeze,http://www.gannett-cdn.com/media/None,USC,,USC
,,1492,Ben Albert,http://www.gannett-cdn.com/media/None,Duke,,DUKE
,,597,John Hevesy,http://www.gannett-cdn.com/media/None,Mississippi State,,MSST
1960-06-10,,1144,Don Treadwell,http://www.gannett-cdn.com/media/SMG/sports_headshots/ncaaf/coach/don_treadwell_s.jpg,Kent State,,KENT
,,2430,Dwayne Ledford,http://www.gannett-cdn.com/media/None,North Carolina State,,NCST
,,2433,Chris Foster,http://www.gannett-cdn.com/media/None,Georgia Southern,,GASO
,,2546,Kevin Higgins,http://www.gannett-cdn.com/media/None,Wake Forest,,WAKE
,,176,Pete Alamar,http://www.gannett-cdn.com/media/None,Stanford,,STAN
,,2266,Ron Aiken,http://www.gannett-cdn.com/media/None,Oregon,,ORE
,,2493,Seth Wallace,http://www.gannett-cdn.com/media/None,Iowa,,IOWA
,,878,Derrick Nix,http://www.gannett-cdn.com/media/None,Ole Miss,,MISS
,,2655,Anthony Perkins,http://www.gannett-cdn.com/media/None,Ohio,,OHIO
,,2186,Brian Wright,http://www.gannett-cdn.com/media/None,Toledo,,TOL
,,1500,Ryan Nielsen,http://www.gannett-cdn.com/media/None,North Carolina State,,NCST
,,1208,Jesse Williams,http://www.gannett-cdn.com/media/None,Ohio,,OHIO
,,2604,Johnson Richardson,http://www.gannett-cdn.com/media/None,Charlotte,,CHA
,,1302,Al Pupunu,http://www.gannett-cdn.com/media/None,Idaho,,IDAH
,,2065,Josh Conklin,http://www.gannett-cdn.com/media/None,Pittsburgh,,PITT
,,2625,Corby Meekins,http://www.gannett-cdn.com/media/None,Houston,,HOU
,,467,Martin English,http://www.gannett-cdn.com/media/None,Colorado State,,CSU
,,1077,Jonathan Smith,http://www.gannett-cdn.com/media/None,Washington,,WASH
,,1210,Paul Williams,http://www.gannett-cdn.com/media/None,Illinois,,ILL
,,686,Steve Kaufusi,http://www.gannett-cdn.com/media/None,Brigham Young,,BYU
,,405,Tim Daoust,http://www.gannett-cdn.com/media/None,Ball State,,BALL
,,2447,Patrick Dougherty,http://www.gannett-cdn.com/media/None,Ball State,,BALL
,,1405,Billy Lynch,http://www.gannett-cdn.com/media/None,Rice,,RICE
,,193,Lance Anderson,http://www.gannett-cdn.com/media/None,Stanford,,STAN
,,741,Wayne Lineburg,http://www.gannett-cdn.com/media/None,Connecticut,,UCON
,,227,Corey Batoon,http://www.gannett-cdn.com/media/None,Ole Miss,,MISS
,,2647,Michael Zordich,http://www.gannett-cdn.com/media/None,Michigan,,MICH
,,2714,Arnold Ale,http://www.gannett-cdn.com/media/None,San Jose State,,SJSU
,,2628,Kenny Holmes,http://www.gannett-cdn.com/media/None,Idaho,,IDAH
,,893,Vince Okruch,http://www.gannett-cdn.com/media/None,Rutgers,,RUTG
,,2082,Perry Eliano,http://www.gannett-cdn.com/media/None,Bowling Green,,BGSU
,,303,Burton Burns,http://www.gannett-cdn.com/media/None,Alabama,,ALA
,,62,Jim Leavitt,http://www.gannett-cdn.com/media/None,Colorado,,COLO
,,1039,John Settle,http://www.gannett-cdn.com/media/None,Wisconsin,,WIS
,,938,Anthony Poindexter,http://www.gannett-cdn.com/media/None,Connecticut,,UCON
,38-23,2330,Tim Lester,http://www.gannett-cdn.com/media/SMG/sports_headshots/ncaaf/coach/tim_lester_s.jpg,Western Michigan,0-0,WMU
,,2634,Robert McFarland,http://www.gannett-cdn.com/media/None,Louisiana Tech,,LT
,,2228,Marques Tuiasosopo,http://www.gannett-cdn.com/media/None,UCLA,,UCLA
,,1410,Bryan Applewhite,http://www.gannett-cdn.com/media/None,Colorado State,,CSU
,,764,Matt MacPherson,http://www.gannett-cdn.com/media/None,Northwestern,,NW
,,310,Jimmy Burrow,http://www.gannett-cdn.com/media/None,Ohio,,OHIO
,,845,Matt Moore,http://www.gannett-cdn.com/media/None,Troy,,TROY
,,2620,Tony Samuel,http://www.gannett-cdn.com/media/None,UNLV,,UNLV
,,1056,Dennis Simmons,http://www.gannett-cdn.com/media/None,Oklahoma,,OU
,,1167,Paul Volero,http://www.gannett-cdn.com/media/None,Florida International,,FIU
,,2520,Erik Chinander,http://www.gannett-cdn.com/media/None,UCF,,UCF
,,2130,Richard Owens,http://www.gannett-cdn.com/media/None,South Alabama,,USA
,,2062,Joe Cauthen,http://www.gannett-cdn.com/media/None,Arkansas State,,ARST
,,230,Shane Beamer,http://www.gannett-cdn.com/media/None,Georgia,,UGA
,,995,Zac Roper,http://www.gannett-cdn.com/media/None,Duke,,DUKE
,,2837,Kez McCorvey,http://www.gannett-cdn.com/media/None,Middle Tennessee,,MTSU
,,2210,Lewis Powell,http://www.gannett-cdn.com/media/None,Utah,,UTAH
,,2582,Ross Weaver,http://www.gannett-cdn.com/media/None,Air Force,,AFA
,,1467,Kendrick Shaver,http://www.gannett-cdn.com/media/None,Utah State,,USU
,,2938,Pepe Pearson,http://www.gannett-cdn.com/media/None,Marshall,,MRSH
,,2794,Chris Hampton,http://www.gannett-cdn.com/media/None,Tulane,,TULN
,,399,Jack Curtis,http://www.gannett-cdn.com/media/None,Tulane,,TULN
,,2595,Brian Borland,http://www.gannett-cdn.com/media/None,Buffalo,,BUFF
,,376,Kerry Cooks,http://www.gannett-cdn.com/media/None,Oklahoma,,OU
,,2282,Andrew Browning,http://www.gannett-cdn.com/media/None,UTEP,,UTEP
,,2752,Cort Dennison,http://www.gannett-cdn.com/media/None,Louisville,,LOU
,,2398,Chris White,http://www.gannett-cdn.com/media/None,Iowa,,IOWA
,,2910,Travis Williams,http://www.gannett-cdn.com/media/None,Auburn,,AUB
,,431,Daryl Dixon,http://www.gannett-cdn.com/media/None,Army,,ARMY
,,1436,Chip Lindsey,http://www.gannett-cdn.com/media/None,Arizona State,,AZST
,,394,Tim Cross,http://www.gannett-cdn.com/media/None,Air Force,,AFA
,,1165,Vance Vice,http://www.gannett-cdn.com/media/None,Virginia Tech,,VT
,,489,Mike Foley,http://www.gannett-cdn.com/media/None,Massachusetts,,UMAS
,,2451,Sterlin Gilbert,http://www.gannett-cdn.com/media/SMG/sports_headshots/ncaaf/coach/sterlin_gilbert_s.jpg,Texas,,TEX
,,2459,Marc Nudelberg,http://www.gannett-cdn.com/media/None,Nevada,,NEV
,,2440,Mitch Ware,http://www.gannett-cdn.com/media/None,Army,,ARMY
,,2630,Mike Phair,http://www.gannett-cdn.com/media/None,Illinois,,ILL
,,751,John Lovett,http://www.gannett-cdn.com/media/None,California,,CAL
,,2340,Jesse Minter,http://www.gannett-cdn.com/media/None,Georgia State,,GAST
,,2469,Chris Simpson,http://www.gannett-cdn.com/media/None,Buffalo,,BUFF
,,994,Kurt Roper,http://www.gannett-cdn.com/media/SMG/sports_headshots/ncaaf/coach/kurt_roper_s.jpg,South Carolina,,SCAR
,,1360,Tom Hayes,http://www.gannett-cdn.com/media/None,Kansas State,,KSU
,,2526,Andrew Rolin,http://www.gannett-cdn.com/media/None,San Jose State,,SJSU
,,2603,Damien Gary,http://www.gannett-cdn.com/media/None,Charlotte,,CHA
,,1189,Matt Weikert,http://www.gannett-cdn.com/media/None,Air Force,,AFA
,,1386,Frisman Jackson,http://www.gannett-cdn.com/media/None,Temple,,TEM
,,705,Greg Knox,http://www.gannett-cdn.com/media/None,Mississippi State,,MSST
,,678,Terry Joseph,http://www.gannett-cdn.com/media/None,Texas A&M,,TAM
,,765,Calvin Magee,http://www.gannett-cdn.com/media/None,Arizona,,ARIZ
,,2338,Mike Mickens,http://www.gannett-cdn.com/media/None,Bowling Green,,BGSU
,,2109,Derrick LeBlanc,http://www.gannett-cdn.com/media/None,North Texas,,UNT
,,700,Tim Kish,http://www.gannett-cdn.com/media/None,Oklahoma,,OU
,,895,Todd Orlando,http://www.gannett-cdn.com/media/None,Houston,,HOU
,,780,Willie Martinez,http://www.gannett-cdn.com/media/None,Tennessee,,TENN
,,869,John Neal,http://www.gannett-cdn.com/media/None,Oregon,,ORE
,,646,Kenny Ingram,http://www.gannett-cdn.com/media/None,Cincinnati,,CIN
,,2627,Craig Naviar,http://www.gannett-cdn.com/media/None,Houston,,HOU
,,2143,Mose Rison,http://www.gannett-cdn.com/media/None,Central Michigan,,CMU
,,2106,Rhett Lashlee,http://www.gannett-cdn.com/media/SMG/sports_headshots/ncaaf/coach/rhett_lashlee_s.jpg,Auburn,,AUB
,,591,Clay Hendrix,http://www.gannett-cdn.com/media/None,Air Force,,AFA
,,2583,Eric Hickson,http://www.gannett-cdn.com/media/None,Akron,,AKR
,,436,Kirk Doll,http://www.gannett-cdn.com/media/None,Florida International,,FIU
,,1438,Brian Johnson,http://www.gannett-cdn.com/media/None,Mississippi State,,MSST
,,400,Adam Cushing,http://www.gannett-cdn.com/media/None,Northwestern,,NW
,,1178,Charlton Warren,http://www.gannett-cdn.com/media/None,North Carolina,,UNC
,,2169,Mike Uremovich,http://www.gannett-cdn.com/media/None,Northern Illinois,,NIU
,,886,Brian Norwood,http://www.gannett-cdn.com/media/None,Tulsa,,TLSA
,,2843,Jules Montinar,http://www.gannett-cdn.com/media/None,Texas State,,TXST
,,2606,Ty Linder,http://www.gannett-cdn.com/media/None,Cincinnati,,CIN
,,430,Dan Disch,http://www.gannett-cdn.com/media/None,Southern Miss,,USM
,,532,Keith Gilmore,http://www.gannett-cdn.com/media/None,Notre Dame,,ND
,,2289,Matt Caponi,http://www.gannett-cdn.com/media/None,West Virginia,,WVU
,,1227,Dave Wommack,http://www.gannett-cdn.com/media/SMG/sports_headshots/ncaaf/coach/dave_wommack_s.jpg,Ole Miss,,MISS
,,2314,Marques Hagans,http://www.gannett-cdn.com/media/None,Virginia,,UVA
,,643,Rob Ianello,http://www.gannett-cdn.com/media/None,Buffalo,,BUFF
,,2322,Luke Huard,http://www.gannett-cdn.com/media/None,Georgia State,,GAST
,,1477,Angus McClure,http://www.gannett-cdn.com/media/None,UCLA,,UCLA
,,429,Dana Dimel,http://www.gannett-cdn.com/media/None,Kansas State,,KSU
,,2859,Matt Powledge,http://www.gannett-cdn.com/media/None,Louisiana-Monroe,,ULM
,,782,Tom Mason,http://www.gannett-cdn.com/media/None,UTEP,,UTEP
,,2460,David Corley,http://www.gannett-cdn.com/media/None,Connecticut,,UCON
1961-12-28,,19,Gene Chizik,http://www.gannett-cdn.com/media/SMG/sports_headshots/ncaaf/coach/gene_chizik_s.jpg,North Carolina,,UNC
,,795,Andy McCollum,http://www.gannett-cdn.com/media/None,Georgia Tech,,GT
,,2719,Bobby Babich,http://www.gannett-cdn.com/media/None,Florida International,,FIU
,,2514,Kerry Locklin,http://www.gannett-cdn.com/media/None,New Mexico State,,NMSU
,,2541,Bryan Gasser,http://www.gannett-cdn.com/media/None,Iowa State,,ISU
,,1379,Rich Nagy,http://www.gannett-cdn.com/media/None,Old Dominion,,ODU
,0-0,1341,Shawn Elliott,http://www.gannett-cdn.com/media/SMG/sports_headshots/ncaaf/coach/shawn_elliott_s.jpg,Georgia State,0-0,GAST
,,1194,Ron West,http://www.gannett-cdn.com/media/None,Georgia Tech,,GT
,,2667,Joe Craddock,http://www.gannett-cdn.com/media/None,Southern Methodist,,SMU
,,2636,Levorn Harbin,http://www.gannett-cdn.com/media/None,Louisiana-Lafayette,,ULL
,,2891,Burl Toler,http://www.gannett-cdn.com/media/None,Fresno State,,FRES
,,2110,Frank Leonard,http://www.gannett-cdn.com/media/None,Boston College,,BC
,,1070,Antoine Smith,http://www.gannett-cdn.com/media/None,Texas State,,TXST
,,2683,Justin Hill,http://www.gannett-cdn.com/media/None,Tulsa,,TLSA
,,2067,Brad Cornelsen,http://www.gannett-cdn.com/media/None,Virginia Tech,,VT
,,2776,Colin Ferrell,http://www.gannett-cdn.com/media/None,Kent State,,KENT
,,2758,Robby Discher,http://www.gannett-cdn.com/media/None,Toledo,,TOL
,,2580,Cory Martin,http://www.gannett-cdn.com/media/None,New Mexico State,,NMSU
,,2054,Terrell Buckley,http://www.gannett-cdn.com/media/None,Mississippi State,,MSST
,,549,Torrian Gray,http://www.gannett-cdn.com/media/None,Florida,,FLA
,,2364,L.D. Scott,http://www.gannett-cdn.com/media/None,Louisville,,LOU
1967-02-02,,86,Paul Rhoads,http://www.gannett-cdn.com/media/SMG/sports_headshots/ncaaf/coach/paul_rhoads_s.jpg,Arkansas,,ARK
,,2487,Tim Lappano,http://www.gannett-cdn.com/media/None,Georgia State,,GAST
,,1430,Pat Washington,http://www.gannett-cdn.com/media/None,South Carolina,,SCAR
,,2511,Dan O'Brien,http://www.gannett-cdn.com/media/None,Navy,,NAVY
,,620,Nick Holt,http://www.gannett-cdn.com/media/None,Western Kentucky,,WKY
,,2441,John Loose,http://www.gannett-cdn.com/media/None,Army,,ARMY
,,226,Randy Bates,http://www.gannett-cdn.com/media/None,Northwestern,,NW
,,2861,Troy Purcell,http://www.gannett-cdn.com/media/None,Idaho,,IDAH
,,2810,Garin Justice,http://www.gannett-cdn.com/media/None,Florida Atlantic,,FAU
,,2940,Chris Partridge,http://www.gannett-cdn.com/media/None,Michigan,,MICH
,,2387,Joe Tripodi,http://www.gannett-cdn.com/media/None,Northern Illinois,,NIU
,,2384,Ricky Thomas,http://www.gannett-cdn.com/media/None,Nevada,,NEV
,,1454,Holmon Wiggins,http://www.gannett-cdn.com/media/None,Virginia Tech,,VT
,,1480,Grant Heard,http://www.gannett-cdn.com/media/None,Ole Miss,,MISS
,,1242,Bill Young,http://www.gannett-cdn.com/media/None,Tulsa,,TLSA
,,2727,Bobby Bentley,http://www.gannett-cdn.com/media/None,South Carolina,,SCAR
,,1408,Kevin Curtis,http://www.gannett-cdn.com/media/None,Louisiana Tech,,LT
,,2515,Keith Heckendorf,http://www.gannett-cdn.com/media/None,North Carolina,,UNC
,,2944,Cory Hall,http://www.gannett-cdn.com/media/None,Oregon State,,ORST
,,2377,Terry Smith,http://www.gannett-cdn.com/media/None,Penn State,,PSU
,,784,Eric Mathies,http://www.gannett-cdn.com/media/None,South Florida,,USF
1972-10-28,,730,Tony Levine,http://www.gannett-cdn.com/media/SMG/sports_headshots/ncaaf/coach/tony_levine_s.jpg,Western Kentucky,,WKY
,,1512,Everette Sands,http://www.gannett-cdn.com/media/None,UTSA,,UTSA
,,505,Greg Frey,http://www.gannett-cdn.com/media/None,Indiana,,IU
,,687,Chad Kauha'aha'a,http://www.gannett-cdn.com/media/None,Oregon State,,ORST
,,371,Ron Collins,http://www.gannett-cdn.com/media/None,Ohio,,OHIO
,,1084,Rod Smith,http://www.gannett-cdn.com/media/None,Arizona,,ARIZ
,,1197,Brian White,http://www.gannett-cdn.com/media/None,Boston College,,BC
,,2934,Stacy Collins,http://www.gannett-cdn.com/media/None,Utah State,,USU
,,2951,Jack Wright,http://www.gannett-cdn.com/media/None,Southern Miss,,USM
,,922,Kevin Peoples,http://www.gannett-cdn.com/media/None,Tulane,,TULN
,,572,Mike Hankwitz,http://www.gannett-cdn.com/media/None,Northwestern,,NW
,,1090,Glenn Spencer,http://www.gannett-cdn.com/media/None,Oklahoma State,,OKST
,,596,Josh Heupel,http://www.gannett-cdn.com/media/SMG/sports_headshots/ncaaf/coach/josh_heupel_s.jpg,Missouri,,MIZZ
,,2396,Rob Wenger,http://www.gannett-cdn.com/media/None,Western Michigan,,WMU
,,2468,Aaron Keen,http://www.gannett-cdn.com/media/None,Eastern Michigan,,EMU
,,663,Allen Johnson,http://www.gannett-cdn.com/media/None,Arkansas State,,ARST
,,1336,Mike Denbrock,http://www.gannett-cdn.com/media/None,Notre Dame,,ND
,,2217,Brian Turner,http://www.gannett-cdn.com/media/None,South Alabama,,USA
,,2939,Jason Palermo,http://www.gannett-cdn.com/media/None,Massachusetts,,UMAS
,,2686,Cortez Hankton,http://www.gannett-cdn.com/media/None,Vanderbilt,,VAN
,,364,Kevin Clune,http://www.gannett-cdn.com/media/None,Oregon State,,ORST
,,1417,Jeff Horton,http://www.gannett-cdn.com/media/None,San Diego State,,SDSU
,,2650,Brian Bell,http://www.gannett-cdn.com/media/None,New Mexico State,,NMSU
,0-0,1201,Justin Wilcox,http://www.gannett-cdn.com/media/SMG/sports_headshots/ncaaf/coach/justin_wilcox_s.jpg,California,0-0,CAL
,,2670,Claude Mathis,http://www.gannett-cdn.com/media/None,Southern Methodist,,SMU
,,246,Cheston Blackshear,http://www.gannett-cdn.com/media/None,Nevada,,NEV
,,967,David Reaves,http://www.gannett-cdn.com/media/None,South Florida,,USF
,,2785,Rance Gillespie,http://www.gannett-cdn.com/media/None,Georgia Southern,,GASO
,,732,Eric Lewis,http://www.gannett-cdn.com/media/None,Georgia State,,GAST
,,2659,Sam Perryman,http://www.gannett-cdn.com/media/None,Old Dominion,,ODU
,,1565,Jay Peterson,http://www.gannett-cdn.com/media/None,Eastern Michigan,,EMU
,,2540,Tyson Veidt,http://www.gannett-cdn.com/media/None,Iowa State,,ISU
,,1106,Chris Strausser,http://www.gannett-cdn.com/media/None,Washington,,WASH
,,2596,Alan Hensell,http://www.gannett-cdn.com/media/None,Buffalo,,BUFF
,,1221,Chad Wilt,http://www.gannett-cdn.com/media/None,Army,,ARMY
,,2461,Josh Reardon,http://www.gannett-cdn.com/media/None,Connecticut,,UCON
,,540,Billy Gonzales,http://www.gannett-cdn.com/media/None,Mississippi State,,MSST
,,2605,Joe Tereshinski,http://www.gannett-cdn.com/media/None,Charlotte,,CHA
,,2731,AJ Blazek,http://www.gannett-cdn.com/media/None,Rutgers,,RUTG
,,911,Darrell Patterson,http://www.gannett-cdn.com/media/None,Rice,,RICE
,,2774,Mike Empey,http://www.gannett-cdn.com/media/None,Brigham Young,,BYU
,,1573,Sean Snyder,http://www.gannett-cdn.com/media/None,Kansas State,,KSU
,,2435,Bryan Brown,http://www.gannett-cdn.com/media/None,Appalachian State,,APP
,,970,Mike Reed,http://www.gannett-cdn.com/media/None,Clemson,,CLEM
,,1308,Jeff Koonz,http://www.gannett-cdn.com/media/None,Cincinnati,,CIN
,,625,Tim Horton,http://www.gannett-cdn.com/media/None,Auburn,,AUB
,,1570,Jafar Williams,http://www.gannett-cdn.com/media/None,Rutgers,,RUTG
,,984,Tommie Robinson,http://www.gannett-cdn.com/media/None,USC,,USC
,,2333,Barry Lunney Jr.,http://www.gannett-cdn.com/media/None,Arkansas,,ARK
,,2445,Bob Bodine,http://www.gannett-cdn.com/media/None,Army,,ARMY
,,1481,Andy LaRussa,http://www.gannett-cdn.com/media/None,UNLV,,UNLV
,,2483,Dell McGee,http://www.gannett-cdn.com/media/None,Georgia,,UGA
,,2072,Robert Debesse,http://www.gannett-cdn.com/media/None,New Mexico,,UNM
,,1543,Bob Shoop,http://www.gannett-cdn.com/media/SMG/sports_headshots/ncaaf/coach/bob_shoop_s.jpg,Tennessee,,TENN
,,2895,Saga Tuitele,http://www.gannett-cdn.com/media/None,New Mexico,,UNM
,,2848,Hardy Nickerson,http://www.gannett-cdn.com/media/None,Illinois,,ILL
,,1022,Adam Scheier,http://www.gannett-cdn.com/media/None,Wake Forest,,WAKE
,,2649,Ron O'Dell,http://www.gannett-cdn.com/media/None,UNLV,,UNLV
,0-0,270,Brent Brennan,http://www.gannett-cdn.com/media/SMG/sports_headshots/ncaaf/coach/brent_brennan_s.jpg,San Jose State,0-0,SJSU
,,2531,Peter Hansen,http://www.gannett-cdn.com/media/None,Stanford,,STAN
,,1514,Mike Bath,http://www.gannett-cdn.com/media/None,Wyoming,,WYO
,,357,Kris Cinkovich,http://www.gannett-cdn.com/media/None,Idaho,,IDAH
,,2917,Marcus White,http://www.gannett-cdn.com/media/None,Bowling Green,,BGSU
,,2672,Glenn Thomas,http://www.gannett-cdn.com/media/None,Temple,,TEM
,,985,Travaris Robinson,http://www.gannett-cdn.com/media/SMG/sports_headshots/ncaaf/coach/travaris_robinson_s.jpg,South Carolina,,SCAR
,,257,Al Borges,http://www.gannett-cdn.com/media/SMG/sports_headshots/ncaaf/coach/al_borges_s.jpg,San Jose State,,SJSU
,,534,Chad Glasgow,http://www.gannett-cdn.com/media/None,TCU,,TCU
,,471,Harold Etheridge,http://www.gannett-cdn.com/media/None,Georgia State,,GAST
,,99,Mark Snyder,http://www.gannett-cdn.com/media/SMG/sports_headshots/ncaaf/coach/mark_snyder_s.jpg,Michigan State,,MSU
,,2437,Luke Paschall,http://www.gannett-cdn.com/media/None,Arkansas State,,ARST
,,2535,Elijah Robinson,http://www.gannett-cdn.com/media/None,Temple,,TEM
,,2892,Patrick Toney,http://www.gannett-cdn.com/media/None,UTSA,,UTSA
,,808,Clay McGuire,http://www.gannett-cdn.com/media/None,Washington State,,WSU
,,347,John Chavis,http://www.gannett-cdn.com/media/SMG/sports_headshots/ncaaf/coach/john_chavis_s.jpg,Texas A&M,,TAM
,,478,Dan Ferrigno,http://www.gannett-cdn.com/media/None,San Jose State,,SJSU
,,2868,T.J. Rushing,http://www.gannett-cdn.com/media/None,Arizona State,,AZST
,,2211,J.C. Price,http://www.gannett-cdn.com/media/None,Marshall,,MRSH
,,2190,Jeff Bowden,http://www.gannett-cdn.com/media/None,Akron,,AKR
,,501,Tony Franklin,http://www.gannett-cdn.com/media/None,Middle Tennessee,,MTSU
,,178,Tim Albin,http://www.gannett-cdn.com/media/None,Ohio,,OHIO
,,915,Danny Pearman,http://www.gannett-cdn.com/media/None,Clemson,,CLEM
,,1396,Brandon Jones,http://www.gannett-cdn.com/media/None,California,,CAL
,,803,Phil McGeoghan,http://www.gannett-cdn.com/media/None,East Carolina,,ECU
,,279,Dan Brooks,http://www.gannett-cdn.com/media/None,Clemson,,CLEM
,,2104,David Kotulski,http://www.gannett-cdn.com/media/None,Utah State,,USU
,,753,Matt Lubick,http://www.gannett-cdn.com/media/None,Oregon,,ORE
1968-05-21,,32,Ron English,http://www.gannett-cdn.com/media/SMG/sports_headshots/ncaaf/coach/ron_english_s.jpg,San Jose State,,SJSU
,,1021,Frank Scelfo,http://www.gannett-cdn.com/media/None,UTSA,,UTSA
,,2756,Kyle Devan,http://www.gannett-cdn.com/media/None,Ball State,,BALL
,,1280,Jahmile Addae,http://www.gannett-cdn.com/media/None,Arizona,,ARIZ
,,858,Jeff Mullen,http://www.gannett-cdn.com/media/None,Charlotte,,CHA
,,1281,Ashley Ambrose,http://www.gannett-cdn.com/media/None,Boise State,,BSU
1970-09-24,,22,Mario Cristobal,http://www.gannett-cdn.com/media/None,Alabama,,ALA
,,2926,Marcus Johnson,http://www.gannett-cdn.com/media/None,Duke,,DUKE
,,2657,James McEndoo,http://www.gannett-cdn.com/media/None,Oklahoma State,,OKST
,,271,Gunter Brewer,http://www.gannett-cdn.com/media/None,North Carolina,,UNC
,,2229,Jimmy Williams,http://www.gannett-cdn.com/media/None,Western Michigan,,WMU
1947-04-01,,101,Frank Spaziani,http://www.gannett-cdn.com/media/SMG/sports_headshots/ncaaf/coach/frank_spaziani_s.jpg,New Mexico State,,NMSU
,,2646,Israel Woolfork,http://www.gannett-cdn.com/media/None,Miami (OH),,MUO
,,1126,Trooper Taylor,http://www.gannett-cdn.com/media/None,Arkansas State,,ARST
,,2742,Matt Christian,http://www.gannett-cdn.com/media/None,New Mexico State,,NMSU
,,2866,Allen Rudolph,http://www.gannett-cdn.com/media/None,Arkansas State,,ARST
,,1539,Ronnie Bradford,http://www.gannett-cdn.com/media/None,USC,,USC
,,2058,Luke Butkus,http://www.gannett-cdn.com/media/None,Illinois,,ILL
,,1134,Lance Thompson,http://www.gannett-cdn.com/media/None,South Carolina,,SCAR
,,2584,Mel Tucker,http://www.gannett-cdn.com/media/SMG/sports_headshots/ncaaf/coach/mel_tucker_s.jpg,Georgia,,UGA
,,582,Chuck Heater,http://www.gannett-cdn.com/media/None,Marshall,,MRSH
,,261,Jay Boulware,http://www.gannett-cdn.com/media/None,Oklahoma,,OU
,,2750,David Dean,http://www.gannett-cdn.com/media/None,Georgia Southern,,GASO
,,216,Charles Bankins,http://www.gannett-cdn.com/media/None,Old Dominion,,ODU
,,413,Lawrence Dawsey,http://www.gannett-cdn.com/media/None,Florida State,,FSU
,,702,Adrian Klemm,http://www.gannett-cdn.com/media/SMG/sports_headshots/ncaaf/coach/adrian_klemm_s.jpg,UCLA,,UCLA
,,2363,Brian Scott,http://www.gannett-cdn.com/media/None,Old Dominion,,ODU
,,2283,Ricky Brumfield,http://www.gannett-cdn.com/media/None,UTSA,,UTSA
,,1207,J.D. Williams,http://www.gannett-cdn.com/media/None,UNLV,,UNLV
,,2510,Mike Sherels,http://www.gannett-cdn.com/media/None,Minnesota,,MINN
,,2949,Mike Peterson,http://www.gannett-cdn.com/media/None,South Carolina,,SCAR
,,2089,Chris Haering,http://www.gannett-cdn.com/media/None,Wisconsin,,WIS
,,693,Brent Key,http://www.gannett-cdn.com/media/SMG/sports_headshots/ncaaf/coach/brent_key_s.jpg,Alabama,,ALA
,,849,Blane Morgan,http://www.gannett-cdn.com/media/None,San Diego State,,SDSU
,,2194,Jacob Campbell,http://www.gannett-cdn.com/media/None,Air Force,,AFA
,,2713,C.J. Ah You,http://www.gannett-cdn.com/media/None,Vanderbilt,,VAN
,,2474,Dan Shula,http://www.gannett-cdn.com/media/None,Florida Atlantic,,FAU
,,340,Mike Cavanaugh,http://www.gannett-cdn.com/media/None,Nebraska,,NEB
,,1013,Joe Salave'a,http://www.gannett-cdn.com/media/None,Washington State,,WSU
,,504,Derek Frazier,http://www.gannett-cdn.com/media/None,Central Michigan,,CMU
,,2369,Jason Shumaker,http://www.gannett-cdn.com/media/None,Idaho,,IDAH
,,2471,Roc Bellantoni,http://www.gannett-cdn.com/media/None,Florida Atlantic,,FAU
,,2462,Jeffrey Faris,http://www.gannett-cdn.com/media/None,Duke,,DUKE
,,313,Ron Burton,http://www.gannett-cdn.com/media/None,Michigan State,,MSU
,,2983,Karl Dunbar,http://www.gannett-cdn.com/media/None,Alabama,,ALA
,,2354,Hank Poteat,http://www.gannett-cdn.com/media/None,Kent State,,KENT
,,675,Jason Jones,http://www.gannett-cdn.com/media/None,Ole Miss,,MISS
,,409,Justin Davis,http://www.gannett-cdn.com/media/None,Navy,,NAVY
,,2148,Mike Schmidt,http://www.gannett-cdn.com/media/None,San Diego State,,SDSU
,,523,Pete Germano,http://www.gannett-cdn.com/media/None,Fresno State,,FRES
,,229,John Baxter,http://www.gannett-cdn.com/media/None,USC,,USC
,,1159,Zane Vance,http://www.gannett-cdn.com/media/None,New Mexico State,,NMSU
,,979,George Ricumstrict,http://www.gannett-cdn.com/media/None,Central Michigan,,CMU
,,1031,Jeff Scott,http://www.gannett-cdn.com/media/None,Clemson,,CLEM
,,1200,Joe Wickline,http://www.gannett-cdn.com/media/None,West Virginia,,WVU
,,2427,Cornelius Williams,http://www.gannett-cdn.com/media/None,Troy,,TROY
,,589,Tyson Helton,http://www.gannett-cdn.com/media/None,USC,,USC
,,538,Todd Goebbel,http://www.gannett-cdn.com/media/None,Marshall,,MRSH
,,2845,Slade Nagle,http://www.gannett-cdn.com/media/None,Tulane,,TULN
,,256,Dave Borbely,http://www.gannett-cdn.com/media/None,Maryland,,MD
,,378,Ron Cooper,http://www.gannett-cdn.com/media/None,Florida International,,FIU
,,2911,Chevis Jackson,http://www.gannett-cdn.com/media/None,Ball State,,BALL
,,414,Mike Dawson,http://www.gannett-cdn.com/media/None,UCF,,UCF
,,2832,Reno Mahe,http://www.gannett-cdn.com/media/None,Brigham Young,,BYU
,,1311,Brandon Shelby,http://www.gannett-cdn.com/media/None,Indiana,,IU
,,2116,Tom Manning,http://www.gannett-cdn.com/media/None,Iowa State,,ISU
,,2722,Matt Barnes,http://www.gannett-cdn.com/media/None,Maryland,,MD
,,1461,Ron Crook,http://www.gannett-cdn.com/media/None,West Virginia,,WVU
1961-07-23,,839,Charley Molnar,http://www.gannett-cdn.com/media/SMG/sports_headshots/ncaaf/coach/charley_molnar_s.jpg,Idaho,,IDAH
,,2594,Daryl Agpalsa,http://www.gannett-cdn.com/media/None,Buffalo,,BUFF
,,385,Barney Cotton,http://www.gannett-cdn.com/media/None,UNLV,,UNLV
,,361,Joe Bob Clements,http://www.gannett-cdn.com/media/None,Oklahoma State,,OKST
,,718,Danny Langsdorf,http://www.gannett-cdn.com/media/None,Nebraska,,NEB
,,464,Mike Elston,http://www.gannett-cdn.com/media/None,Notre Dame,,ND
,,2456,Mike Lynch,http://www.gannett-cdn.com/media/None,Syracuse,,SYR
,,2100,Coleman Hutzler,http://www.gannett-cdn.com/media/None,South Carolina,,SCAR
,,882,Greg Nord,http://www.gannett-cdn.com/media/None,Florida,,FLA
,,950,Al Preston,http://www.gannett-cdn.com/media/None,Georgia Tech,,GT
,,617,Guy Holliday,http://www.gannett-cdn.com/media/None,Utah,,UTAH
,,2784,Jernaro Gilford,http://www.gannett-cdn.com/media/None,Brigham Young,,BYU
,,848,Jake Moreland,http://www.gannett-cdn.com/media/None,Air Force,,AFA
,,1359,Kenny Edenfield,http://www.gannett-cdn.com/media/None,Troy,,TROY
,,1487,Deland McCullough,http://www.gannett-cdn.com/media/None,Indiana,,IU
,,1171,Matt Wallerstedt,http://www.gannett-cdn.com/media/None,Charlotte,,CHA
,,2749,Matt Dawson,http://www.gannett-cdn.com/media/None,Massachusetts,,UMAS
,,2691,Bryan Ellis,http://www.gannett-cdn.com/media/None,Western Kentucky,,WKY
,,940,Lytrel Pollard,http://www.gannett-cdn.com/media/None,Southern Miss,,USM
,,2838,Norval McKenzie,http://www.gannett-cdn.com/media/None,Arkansas State,,ARST
,,1503,Todd Hartley,http://www.gannett-cdn.com/media/None,Miami (FL),,MIA
,,427,Charlie Dickey,http://www.gannett-cdn.com/media/None,Kansas State,,KSU
,,2793,Stephen Hamby,http://www.gannett-cdn.com/media/None,Bowling Green,,BGSU
,,354,Kirk Ciarrocca,http://www.gannett-cdn.com/media/None,Western Michigan,,WMU
,,1284,Jim Knowles,http://www.gannett-cdn.com/media/None,Duke,,DUKE
,,162,Ted Roof,http://www.gannett-cdn.com/media/SMG/sports_headshots/ncaaf/coach/ted_roof_s.jpg,Georgia Tech,,GT
,,2641,Steve Costello,http://www.gannett-cdn.com/media/None,Massachusetts,,UMAS
,,1542,Charles Huff,http://www.gannett-cdn.com/media/None,Penn State,,PSU
,,2216,Jon Sumrall,http://www.gannett-cdn.com/media/None,Troy,,TROY
,,973,Troy Reffett,http://www.gannett-cdn.com/media/None,North Texas,,UNT
,,2623,Abe Elimimian,http://www.gannett-cdn.com/media/None,Hawaii,,HAW
,6-7,479,Luke Fickell,http://www.gannett-cdn.com/media/SMG/sports_headshots/ncaaf/coach/luke_fickell_s.jpg,Cincinnati,0-0,CIN
,,336,Mike Cassity,http://www.gannett-cdn.com/media/None,Western Kentucky,,WKY
,,822,Randy Melvin,http://www.gannett-cdn.com/media/None,Purdue,,PUR
,,2081,Glen Elarbee,http://www.gannett-cdn.com/media/None,Missouri,,MIZZ
,,2375,Kolby Smith,http://www.gannett-cdn.com/media/None,Louisville,,LOU
,,2480,Marcus Woodson,http://www.gannett-cdn.com/media/None,Memphis,,MEM
,,171,Chris Achuff,http://www.gannett-cdn.com/media/None,Baylor,,BAY
,,554,Jeff Grimes,http://www.gannett-cdn.com/media/None,LSU,,LSU
,,2281,Thomas Brown,http://www.gannett-cdn.com/media/None,Miami (FL),,MIA
,,1297,Lamar Owens,http://www.gannett-cdn.com/media/None,Georgia Tech,,GT
,,1185,Morris Watts,http://www.gannett-cdn.com/media/None,Central Michigan,,CMU
,,433,Dan Dodd,http://www.gannett-cdn.com/media/None,Arkansas State,,ARST
,,2536,Darrin Chiaverini,http://www.gannett-cdn.com/media/None,Colorado,,COLO
,,837,Allen Mogridge,http://www.gannett-cdn.com/media/None,Georgia Southern,,GASO
,,235,Jeff Beckles,http://www.gannett-cdn.com/media/None,Middle Tennessee,,MTSU
,,2528,Mike Adams,http://www.gannett-cdn.com/media/None,South Alabama,,USA
,,2805,Kefense Hynson,http://www.gannett-cdn.com/media/None,Hawaii,,HAW
,,1205,Charlie Williams,http://www.gannett-cdn.com/media/None,Texas,,TEX
,,351,Jamie Christian,http://www.gannett-cdn.com/media/None,UNLV,,UNLV
,,2473,Terrance Jamison,http://www.gannett-cdn.com/media/None,Florida Atlantic,,FAU
,,2987,Kane Wommack,http://www.gannett-cdn.com/media/None,South Alabama,,USA
,,2745,Joe Cox,http://www.gannett-cdn.com/media/None,Colorado State,,CSU
,,2932,Tony Hull,http://www.gannett-cdn.com/media/None,Kansas,,KU
,,1017,Randy Sanders,http://www.gannett-cdn.com/media/None,Florida State,,FSU
,,1469,Keith Gaither,http://www.gannett-cdn.com/media/None,Army,,ARMY
,,874,David Nichol,http://www.gannett-cdn.com/media/None,Washington State,,WSU
,,2921,Greg Austin,http://www.gannett-cdn.com/media/None,UCF,,UCF
,,2894,Travis Trickett,http://www.gannett-cdn.com/media/None,Florida Atlantic,,FAU
,,2609,Ronnie Letson,http://www.gannett-cdn.com/media/None,Colorado State,,CSU
,,932,Jeff Phelps,http://www.gannett-cdn.com/media/None,Minnesota,,MINN
,,518,Gerry Gdowski,http://www.gannett-cdn.com/media/None,Vanderbilt,,VAN
,,2918,Steve Clark,http://www.gannett-cdn.com/media/None,Brigham Young,,BYU
,,744,Steed Lobotzke,http://www.gannett-cdn.com/media/None,Air Force,,AFA
,,2182,Alvis Whitted,http://www.gannett-cdn.com/media/None,Colorado State,,CSU
,,2267,Mark Atuaia,http://www.gannett-cdn.com/media/None,Virginia,,UVA
,,2648,Kodi Burns,http://www.gannett-cdn.com/media/None,Auburn,,AUB
,,175,Duane Akina,http://www.gannett-cdn.com/media/None,Stanford,,STAN
,,1307,Rob Likens,http://www.gannett-cdn.com/media/None,Kansas,,KU
,,769,Curt Mallory,http://www.gannett-cdn.com/media/None,Wyoming,,WYO
,,2170,Brian VanGorder,http://www.gannett-cdn.com/media/SMG/sports_headshots/ncaaf/coach/brian_vangorder_s.jpg,Notre Dame,,ND
,,2463,Kalen DeBoer,http://www.gannett-cdn.com/media/None,Eastern Michigan,,EMU
,,2602,Aaron Curry,http://www.gannett-cdn.com/media/None,Charlotte,,CHA
,,1488,Otis Mounds,http://www.gannett-cdn.com/media/None,Akron,,AKR
,,2986,Taiwo Onatolu,http://www.gannett-cdn.com/media/None,Buffalo,,BUFF
,,417,Joe DeForest,http://www.gannett-cdn.com/media/None,Kansas,,KU
,,2438,Brian Early,http://www.gannett-cdn.com/media/None,Arkansas State,,ARST
,,658,Jim Jeffcoat,http://www.gannett-cdn.com/media/None,Colorado,,COLO
,,2183,Chris Wiesehan,http://www.gannett-cdn.com/media/None,Temple,,TEM
,,1166,Ronnie Vinklarek,http://www.gannett-cdn.com/media/None,Rice,,RICE
,,2118,D.K. McDonald,http://www.gannett-cdn.com/media/None,Iowa State,,ISU
,,1020,Morgan Scalley,http://www.gannett-cdn.com/media/None,Utah,,UTAH
,,682,Pete Kaligis,http://www.gannett-cdn.com/media/None,Wyoming,,WYO
1964-06-14,,1245,Bobby Hauck,http://www.gannett-cdn.com/media/SMG/sports_headshots/ncaaf/coach/bobby_hauck_s.jpg,San Diego State,,SDSU
,,2477,Chris Hurd,http://www.gannett-cdn.com/media/None,Florida Atlantic,,FAU
,,1093,Dennis Springer,http://www.gannett-cdn.com/media/None,Northwestern,,NW
,,2311,David Gibbs,http://www.gannett-cdn.com/media/None,Texas Tech,,TTU
,,2643,Darrius Smith,http://www.gannett-cdn.com/media/None,Massachusetts,,UMAS
,,2220,Al Washington,http://www.gannett-cdn.com/media/None,Boston College,,BC
,,2502,George Barnett,http://www.gannett-cdn.com/media/None,Miami (OH),,MUO
,,529,Oscar Giles,http://www.gannett-cdn.com/media/None,Houston,,HOU
,,2291,Mayur Chaudhari,http://www.gannett-cdn.com/media/None,Hawaii,,HAW
,,2960,Shane Hunter,http://www.gannett-cdn.com/media/None,Virginia,,UVA
,,2847,Derek NIcholson,http://www.gannett-cdn.com/media/None,Southern Miss,,USM
,,548,Todd Grantham,http://www.gannett-cdn.com/media/SMG/sports_headshots/ncaaf/coach/todd_grantham_s.jpg,Louisville,,LOU
,,2191,Julius Brown,http://www.gannett-cdn.com/media/None,Utah State,,USU
,,2544,Ikaika Malloe,http://www.gannett-cdn.com/media/None,Washington,,WASH
,,1071,Brian Smith,http://www.gannett-cdn.com/media/None,Hawaii,,HAW
,,691,Bill Kenney,http://www.gannett-cdn.com/media/None,Western Michigan,,WMU
,,1382,Derek Sage,http://www.gannett-cdn.com/media/None,Toledo,,TOL
,,2610,Mike Guerrieri,http://www.gannett-cdn.com/media/None,Duke,,DUKE
,,2669,Keith Gunn,http://www.gannett-cdn.com/media/None,Southern Methodist,,SMU
,,954,Brent Pry,http://www.gannett-cdn.com/media/None,Penn State,,PSU
,,1100,Kevin Steele,http://www.gannett-cdn.com/media/SMG/sports_headshots/ncaaf/coach/kevin_steele_s.jpg,Auburn,,AUB
,,2637,Mike Lucas,http://www.gannett-cdn.com/media/None,Louisiana-Lafayette,,ULL
,,575,Vernon Hargreaves,http://www.gannett-cdn.com/media/None,Arkansas,,ARK
,,1198,Clayton White,http://www.gannett-cdn.com/media/None,North Carolina State,,NCST
,,2607,Brandon Streeter,http://www.gannett-cdn.com/media/None,Clemson,,CLEM
,,748,Ricky Logo,http://www.gannett-cdn.com/media/None,Colorado State,,CSU
,,1087,Zac Spavital,http://www.gannett-cdn.com/media/None,Texas Tech,,TTU
,,174,Greg Adkins,http://www.gannett-cdn.com/media/None,Oklahoma State,,OKST
,,2298,Bradley Dale Peveto,http://www.gannett-cdn.com/media/None,LSU,,LSU
,,2315,Bam Hardmon,http://www.gannett-cdn.com/media/None,Troy,,TROY
,,1456,Jim Gush,http://www.gannett-cdn.com/media/None,Baylor,,BAY
,,1011,Barry Sacks,http://www.gannett-cdn.com/media/None,San Jose State,,SJSU
,,2860,Ryan Pugh,http://www.gannett-cdn.com/media/None,UTSA,,UTSA
,,2539,Anthony Johnson,http://www.gannett-cdn.com/media/None,Texas,,TEX
,,2597,Andy Kotelnicki,http://www.gannett-cdn.com/media/None,Buffalo,,BUFF
1960-10-09,,1248,Mike London,http://www.gannett-cdn.com/media/SMG/sports_headshots/ncaaf/coach/mike_london_s.jpg,Maryland,,MD
,,2080,Phil Earley,http://www.gannett-cdn.com/media/None,San Jose State,,SJSU
,,2778,Joel Filani,http://www.gannett-cdn.com/media/None,North Texas,,UNT
,,2542,Al Pogue,http://www.gannett-cdn.com/media/None,Troy,,TROY
,,2792,Mike Hallett,http://www.gannett-cdn.com/media/None,Toledo,,TOL
,,2661,Hunkie Cooper,http://www.gannett-cdn.com/media/None,San Diego State,,SDSU
,,398,Mike Cummings,http://www.gannett-cdn.com/media/None,Connecticut,,UCON
,,1065,Tim Skipper,http://www.gannett-cdn.com/media/None,Florida,,FLA
,,192,Kurt Anderson,http://www.gannett-cdn.com/media/None,Arkansas,,ARK
,,2452,Matt Mattox,http://www.gannett-cdn.com/media/None,Texas,,TEX
,,1110,Greg Studrawa,http://www.gannett-cdn.com/media/None,Ohio State,,OSU
,,533,Ted Gilmore,http://www.gannett-cdn.com/media/None,Wisconsin,,WIS
,,2466,Ryan Grubb,http://www.gannett-cdn.com/media/None,Eastern Michigan,,EMU
,,179,DelVaughn Alexander,http://www.gannett-cdn.com/media/None,Arizona State,,AZST
,,2728,Joe Bernardi,http://www.gannett-cdn.com/media/None,Fresno State,,FRES
,,2590,Tate Wallis,http://www.gannett-cdn.com/media/None,Baylor,,BAY
,,324,Matt Canada,http://www.gannett-cdn.com/media/None,Pittsburgh,,PITT
,,2357,Charlie Ragle,http://www.gannett-cdn.com/media/None,Arizona,,ARIZ
,,2807,Pete Jenkins,http://www.gannett-cdn.com/media/None,LSU,,LSU
,,2394,P.J. Volker,http://www.gannett-cdn.com/media/None,Georgia State,,GAST
,,680,Mike Judge,http://www.gannett-cdn.com/media/None,Navy,,NAVY
,,772,Van Malone,http://www.gannett-cdn.com/media/None,Southern Methodist,,SMU
,,972,Rob Reeves,http://www.gannett-cdn.com/media/None,Minnesota,,MINN
,,584,Bob Heffner,http://www.gannett-cdn.com/media/None,Northwestern,,NW
,,2149,Sharrieff Shah,http://www.gannett-cdn.com/media/None,Utah,,UTAH
,,807,Wesley McGriff,http://www.gannett-cdn.com/media/None,Auburn,,AUB
,,1551,Vinson Reynolds,http://www.gannett-cdn.com/media/None,Syracuse,,SYR
,,367,James Coley,http://www.gannett-cdn.com/media/None,Georgia,,UGA
,,2611,Brad Davis,http://www.gannett-cdn.com/media/None,North Texas,,UNT
,,1045,Dan Sharp,http://www.gannett-cdn.com/media/None,TCU,,TCU
,,287,Jerry Brown,http://www.gannett-cdn.com/media/None,Northwestern,,NW
,,2754,Michael Desormeaux,http://www.gannett-cdn.com/media/None,Louisiana-Lafayette,,ULL
,,2755,Ty Detmer,http://www.gannett-cdn.com/media/None,Brigham Young,,BYU
,,2272,Jason Beck,http://www.gannett-cdn.com/media/None,Virginia,,UVA
,,2844,LaMar Morgan,http://www.gannett-cdn.com/media/None,Louisiana-Monroe,,ULM
,,720,Brad Lawing,http://www.gannett-cdn.com/media/None,Florida State,,FSU
,,1241,David Yost,http://www.gannett-cdn.com/media/None,Oregon,,ORE
,,512,Lonnie Galloway,http://www.gannett-cdn.com/media/None,Louisville,,LOU
,,444,Tim Duffie,http://www.gannett-cdn.com/media/None,Oklahoma State,,OKST
,,1029,Chad Scott,http://www.gannett-cdn.com/media/None,North Carolina,,UNC
,,1559,Gerad Parker,http://www.gannett-cdn.com/media/None,Purdue,,PUR
,,221,George Barlow,http://www.gannett-cdn.com/media/None,North Carolina State,,NCST
1973-04-06,,802,Garrick McGee,http://www.gannett-cdn.com/media/SMG/sports_headshots/ncaaf/coach/garrick_mcgee_s.jpg,Illinois,,ILL
,,2288,Anthony Campanile,http://www.gannett-cdn.com/media/None,Boston College,,BC
,,913,James Patton,http://www.gannett-cdn.com/media/None,Indiana,,IU
,,2145,Mitch Rodrigue,http://www.gannett-cdn.com/media/None,Louisiana-Lafayette,,ULL
,,2126,Neal Neathery,http://www.gannett-cdn.com/media/None,Eastern Michigan,,EMU
,,432,Dwayne Dixon,http://www.gannett-cdn.com/media/None,Ohio,,OHIO
,,2711,Aazaar Abdul-Rahim,http://www.gannett-cdn.com/media/None,Maryland,,MD
,,2816,Antonio King,http://www.gannett-cdn.com/media/None,East Carolina,,ECU
,,2123,A.J. Milwee,http://www.gannett-cdn.com/media/None,Akron,,AKR
,,672,Taver Johnson,http://www.gannett-cdn.com/media/None,Purdue,,PUR
,,1466,Frank Maile,http://www.gannett-cdn.com/media/None,Utah State,,USU
,,2313,Gino Guidugli,http://www.gannett-cdn.com/media/None,Central Michigan,,CMU
,,2503,Matt Pawlowski,http://www.gannett-cdn.com/media/None,Miami (OH),,MUO
,,565,Odell Haggins,http://www.gannett-cdn.com/media/None,Florida State,,FSU
,,484,Todd Fitch,http://www.gannett-cdn.com/media/None,Louisiana Tech,,LT
,,1130,Mike Thiessen,http://www.gannett-cdn.com/media/None,Air Force,,AFA
,,1317,Ja'Juan Seider,http://www.gannett-cdn.com/media/None,West Virginia,,WVU
,,2789,Nick Grimes,http://www.gannett-cdn.com/media/None,Cincinnati,,CIN
,,200,Marcus Arroyo,http://www.gannett-cdn.com/media/None,Oklahoma State,,OKST
,,2788,Paul Gonzales,http://www.gannett-cdn.com/media/None,TCU,,TCU
,,1014,Tim Salem,http://www.gannett-cdn.com/media/None,Pittsburgh,,PITT
,,387,Mike Cox,http://www.gannett-cdn.com/media/None,Kansas State,,KSU
,,2588,Alex Bailey,http://www.gannett-cdn.com/media/None,Ball State,,BALL
,,1267,Nick Monroe,http://www.gannett-cdn.com/media/None,Syracuse,,SYR
,,1180,Jason Washington,http://www.gannett-cdn.com/media/None,Houston,,HOU
,,2208,Bart Miller,http://www.gannett-cdn.com/media/None,Minnesota,,MINN
,,1233,Apollo Wright,http://www.gannett-cdn.com/media/None,New Mexico,,UNM
,,491,Cornell Ford,http://www.gannett-cdn.com/media/None,Missouri,,MIZZ
,0-0,981,Lincoln Riley,http://www.gannett-cdn.com/media/SMG/sports_headshots/ncaaf/coach/lincoln_riley_s.jpg,Oklahoma,0-0,OU
,,2821,Zak Kuhr,http://www.gannett-cdn.com/media/None,Rutgers,,RUTG
,,1174,Mike Ward,http://www.gannett-cdn.com/media/None,Toledo,,TOL
,,574,Jim Harding,http://www.gannett-cdn.com/media/None,Utah,,UTAH
,,1163,Brent Venables,http://www.gannett-cdn.com/media/SMG/sports_headshots/ncaaf/coach/brent_venables_s.jpg,Clemson,,CLEM
,,319,Robbie Caldwell,http://www.gannett-cdn.com/media/None,Clemson,,CLEM
,,2173,Geep Wade,http://www.gannett-cdn.com/media/None,East Carolina,,ECU
,,969,Fred Reed,http://www.gannett-cdn.com/media/None,Eastern Michigan,,EMU
,,240,Gary Bernardi,http://www.gannett-cdn.com/media/None,Colorado,,COLO
,,2959,Jamaal Fobbs,http://www.gannett-cdn.com/media/None,Tulane,,TULN
,,2120,Tim McGarigle,http://www.gannett-cdn.com/media/None,Illinois,,ILL
,,2935,Nick Petrino,http://www.gannett-cdn.com/media/None,Louisville,,LOU
,,2616,Greg Moss,http://www.gannett-cdn.com/media/None,Florida International,,FIU
,,2115,Roy Manning,http://www.gannett-cdn.com/media/None,Washington State,,WSU
,22-29,159,Ed Orgeron,http://www.gannett-cdn.com/media/SMG/sports_headshots/ncaaf/coach/ed_orgeron_s.jpg,LSU,6-2,LSU
,,642,Dave Huxtable,http://www.gannett-cdn.com/media/None,North Carolina State,,NCST
,,2831,Kevin Lynch,http://www.gannett-cdn.com/media/None,Ball State,,BALL
,,2825,Tim Leger,http://www.gannett-cdn.com/media/None,Louisiana-Monroe,,ULM
,,929,Rick Petri,http://www.gannett-cdn.com/media/None,Louisiana Tech,,LT
,,850,Reese Morgan,http://www.gannett-cdn.com/media/None,Iowa,,IOWA
,,761,Joey Lynch,http://www.gannett-cdn.com/media/None,Ball State,,BALL
,,2373,Joe Sloan,http://www.gannett-cdn.com/media/None,Louisiana Tech,,LT
,,2773,Brett Ellliott,http://www.gannett-cdn.com/media/None,Texas State,,TXST
,,2893,Beau Trahan,http://www.gannett-cdn.com/media/None,Tulsa,,TLSA
,,342,Garret Chachere,http://www.gannett-cdn.com/media/None,California,,CAL
,,1255,John Rudzinski,http://www.gannett-cdn.com/media/None,Air Force,,AFA
,,1374,David Ungerer,http://www.gannett-cdn.com/media/None,Fresno State,,FRES
,,2599,Jacob Peeler,http://www.gannett-cdn.com/media/None,California,,CAL
,,2295,Archie Collins,http://www.gannett-cdn.com/media/None,Central Michigan,,CMU
,,2512,Scott Boone,http://www.gannett-cdn.com/media/None,Nevada,,NEV
,,1236,Darrell Wyatt,http://www.gannett-cdn.com/media/None,Houston,,HOU
,,2839,Keith McKenzie,http://www.gannett-cdn.com/media/None,Ball State,,BALL
,,2302,Don Dunn,http://www.gannett-cdn.com/media/None,Western Kentucky,,WKY
,,1286,John Wiley,http://www.gannett-cdn.com/media/None,Texas State,,TXST
,,2434,Justin Stepp,http://www.gannett-cdn.com/media/None,Southern Methodist,,SMU
,,1000,Jeremy Rowell,http://www.gannett-cdn.com/media/None,Georgia Southern,,GASO
,,2448,Junior Adams,http://www.gannett-cdn.com/media/None,Boise State,,BSU
,,2504,Eric Koehler,http://www.gannett-cdn.com/media/None,Miami (OH),,MUO
,,2335,Vince Marrow,http://www.gannett-cdn.com/media/None,Kentucky,,UK
1968-07-01,,468,Dan Enos,http://www.gannett-cdn.com/media/SMG/sports_headshots/ncaaf/coach/dan_enos_s.jpg,Arkansas,,ARK
,,1490,Rip Scherer,http://www.gannett-cdn.com/media/None,UCLA,,UCLA
,,212,Chris Ball,http://www.gannett-cdn.com/media/None,Memphis,,MEM
,,1550,Klayton Adams,http://www.gannett-cdn.com/media/None,Colorado,,COLO
,,2157,Ben Strickland,http://www.gannett-cdn.com/media/None,Florida Atlantic,,FAU
,,905,Phil Parker,http://www.gannett-cdn.com/media/None,Iowa,,IOWA
,,1413,Zach Smith,http://www.gannett-cdn.com/media/None,Ohio State,,OSU
,,2051,Trent Boykin,http://www.gannett-cdn.com/media/None,Akron,,AKR
,,236,Sean Beckton,http://www.gannett-cdn.com/media/None,UCF,,UCF
,,754,Andy Ludwig,http://www.gannett-cdn.com/media/None,Vanderbilt,,VAN
,,2102,Noah Joseph,http://www.gannett-cdn.com/media/None,Indiana,,IU
,,1486,Brett Diersen,http://www.gannett-cdn.com/media/None,Northern Illinois,,NIU
,,1190,T.J. Weist,http://www.gannett-cdn.com/media/None,South Florida,,USF
,,539,Alex Golesh,http://www.gannett-cdn.com/media/None,Iowa State,,ISU
,,644,William Inge,http://www.gannett-cdn.com/media/None,Indiana,,IU
,,2554,John Richardson,http://www.gannett-cdn.com/media/None,Wyoming,,WYO
,,1560,DeMontie Cross,http://www.gannett-cdn.com/media/None,Missouri,,MIZZ
,,2091,Mike Hart,http://www.gannett-cdn.com/media/None,Syracuse,,SYR
,,2226,LeVar Woods,http://www.gannett-cdn.com/media/None,Iowa,,IOWA
,,2436,Rory Segrest,http://www.gannett-cdn.com/media/None,Arkansas,,ARK
,,941,Frank Ponce,http://www.gannett-cdn.com/media/None,Appalachian State,,APP
,,475,Eddie Faulkner,http://www.gannett-cdn.com/media/None,North Carolina State,,NCST
,,2712,Blue Adams,http://www.gannett-cdn.com/media/None,West Virginia,,WVU
,,2403,Mike Yurcich,http://www.gannett-cdn.com/media/None,Oklahoma State,,OKST
1958-10-09,,816,Ruffin McNeill,http://www.gannett-cdn.com/media/SMG/sports_headshots/ncaaf/coach/ruffin_mcneill_s.jpg,Virginia,,UVA
,,1389,Steve Caldwell,http://www.gannett-cdn.com/media/None,Boise State,,BSU
1958-11-03,,49,Brady Hoke,http://www.gannett-cdn.com/media/SMG/sports_headshots/ncaaf/coach/brady_hoke_s.jpg,Oregon,,ORE
,,2617,Rob Sale,http://www.gannett-cdn.com/media/None,Louisiana-Monroe,,ULM
,,2660,Terry Malone,http://www.gannett-cdn.com/media/None,Purdue,,PUR
,,1199,Tony White,http://www.gannett-cdn.com/media/None,San Diego State,,SDSU
,,2397,Ron Whitcomb,http://www.gannett-cdn.com/media/None,Old Dominion,,ODU
,,2135,Jordan Peterson,http://www.gannett-cdn.com/media/None,Fresno State,,FRES
,,2374,Chase Smith,http://www.gannett-cdn.com/media/None,South Alabama,,USA
,,2732,Mike Bloesch,http://www.gannett-cdn.com/media/None,Tulsa,,TLSA
,,1131,Tommy Thigpen,http://www.gannett-cdn.com/media/None,Tennessee,,TENN
,,836,Reggie Mitchell,http://www.gannett-cdn.com/media/None,Arkansas,,ARK
,,121,Chuck Amato,http://www.gannett-cdn.com/media/None,Akron,,AKR
,,933,Jason Phillips,http://www.gannett-cdn.com/media/None,Kansas,,KU
,,2923,Zac Taylor,http://www.gannett-cdn.com/media/None,Cincinnati,,CIN
,,694,Eric Kiesau,http://www.gannett-cdn.com/media/None,Fresno State,,FRES
,,2155,David Sloan,http://www.gannett-cdn.com/media/None,Rice,,RICE
,,657,Brian Jean-Mary,http://www.gannett-cdn.com/media/None,Texas,,TEX
,,320,Brian Callahan,http://www.gannett-cdn.com/media/None,Western Michigan,,WMU
,,1484,Mike Gillhamer,http://www.gannett-cdn.com/media/None,Cincinnati,,CIN
,,928,John Peterson,http://www.gannett-cdn.com/media/None,Pittsburgh,,PITT
